PS1_mean,EPS1_max,FS1_std,TS1_mean,CP_max,SE_mean,CoolerCondition
102.48357076505616,5541.304432936023,2.243652618522497,36.131558238370935,11.020908557821736,79.10910156332862,20
99.30867849414408,4942.72886248181,2.5359649326058986,40.17534844211695,10.615552411643563,87.16425201259987,20
103.23844269050346,5215.927382644454,1.560358608794006,42.73786096762132,12.595961537975874,90.5537658620732,3
107.61514928204012,4612.018112638651,2.17429755993049,41.26515079900929,12.76212001391751,88.77592486901972,20
98.82923312638331,4713.069086954597,1.9374127858084178,39.82103706402342,12.480203526240597,90.42238762428644,20
98.8293152152541,5141.721883364114,2.423441051942457,34.895002425137754,9.583124070914684,83.9405523440088,3
107.89606407753696,5445.234808560789,1.9423878837239013,37.57082549269815,10.95973849813984,82.66690515912177,3
103.83717364576455,5106.684004635698,1.8075285557949594,40.563401014127564,11.964373451656826,81.315493238841,3
97.65262807032524,4906.082590843053,2.270454259280495,37.63847779003901,12.584661833556513,84.72051766693203,3
102.71280021792982,4999.787421627007,2.438084583595616,40.6100783799963,12.920768835122985,84.6070460201559,100
97.68291153593769,4624.877679809085,1.6658274025765991,42.045230226445426,12.173104226738449,86.03338814269559,20
97.67135123214871,5181.35459790661,1.969462164323812,42.8875086574003,12.396940567845883,84.35351271482246,100
101.20981135783018,5264.699918697022,1.4707796831791735,36.32146192656195,12.101838550033325,84.33186135136614,3
90.43359877671101,4864.372900150076,0.7509694912535303,46.58993816493686,12.82274324906218,81.11652973513928,3
91.37541083743484,4858.9873556721495,2.1002298157068644,42.30243803366239,12.375438781789093,89.70809506775745,3
97.18856235379513,5079.763468895615,2.304452678127316,39.99485753899281,12.078885192056745,85.38259031121855,3
94.93584439832789,4868.984079187821,2.1310334045433628,43.268609749229924,11.677957441035144,84.12778032857359,3
101.57123666297637,4980.1602156122535,1.0252191411228164,47.09622331599992,12.097549710050977,81.26285373375397,20
95.45987962239394,5629.9165367499545,1.8245752849617627,35.683839696829395,12.58150965460713,78.34043444804458,100
92.93848149332354,4925.892289776201,0.8908261199744594,39.32421207252594,12.320970466677673,91.53982096274672,100
107.32824384460777,4892.497954393633,2.6848505538270926,32.864705020380015,12.456991702014305,87.77319354065904,20
98.87111849756732,4805.737458309452,1.456972708940957,40.57795459794407,13.611266233621423,76.88041078715017,20
100.33764102343962,5223.257591449981,2.627701804729948,41.09618272577542,12.318196707295904,88.81571150354829,20
92.87625906893271,4945.632748034569,2.472934821842073,39.88251365367172,11.221201775432212,89.61240585116555,100
97.27808637737408,4805.1880885035725,1.549704823731969,38.03639928700507,13.060328143193003,85.62188061150465,100
100.55461294854933,5396.391209681904,1.4336075243661275,33.85145645143503,10.3605619947973,92.9905544787588,3
94.24503211288848,5425.880901354091,2.175185108193169,41.12060105023531,10.702303943112856,86.08359821061441,100
101.87849009172837,4819.872930278389,1.5778379814084644,44.36630345174598,12.403016717664084,77.91588236025405,100
96.99680655040598,4440.038014591815,2.051242321079104,38.2269446327997,12.619676001343894,86.8258450052416,20
98.54153125103362,5302.254106951077,1.7585862045965408,41.320179787069435,10.505938531795206,86.22448650856364,100
96.99146693885301,4794.611052271999,1.1094207927671833,35.29556705973985,11.5406190228159,81.98351575610923,3
109.26139092254469,5237.18767974883,0.8847659904377705,41.37163919107754,11.272699401336409,87.86779418438712,100
99.93251387631032,4408.968854686449,2.1133421242472985,38.819853106766026,11.415988412542085,76.66167366904568,20
94.71144535522049,5267.779201489793,1.7192211268346873,37.71274614819126,13.132317331527535,89.95283413721394,20
104.11272456051594,4636.648421215766,1.7234550915429339,37.71890907635161,12.847806556256703,80.60939148197274,3
93.89578175014489,5219.229235719958,2.347931919546893,38.81916525390097,11.977053384175552,80.07526937441484,3
101.04431797502377,5004.28192035093,2.5867211383162223,41.147299947077606,11.344845687462087,84.43087613846262,100
90.20164938060113,4713.818174181007,1.8637276393190954,36.06351039641345,10.38042039573583,87.16486464021818,3
93.35906975550785,4877.889106121966,1.8297006465450694,38.80865400529644,13.704221926538338,85.81962031796715,3
100.98430617934562,5205.89553708701,2.250071516556942,39.87558466600256,12.710536680341901,81.28670417113811,20
103.69233289997705,5031.76833593457,1.3215322151502122,36.70288232640442,11.15199707511223,82.46955354404055,20
100.85684140594985,5175.323894141745,2.1115765273738485,45.38999560502505,12.86351939714987,79.33478826311269,100
99.4217585880588,5592.932175354646,2.275942985911077,37.43951355981598,11.915731655310449,83.87660049185065,100
98.49448152205356,4530.727516486684,2.3401151042088144,37.99168925909953,11.655468594165189,90.37510607255454,100
92.60739004816287,5485.163772490587,1.0316236487487676,37.065076150532505,12.522253833947524,84.97868531178062,100
96.40077895802645,5031.306781256964,1.6193223650955297,45.39544026141435,11.11020210010473,89.29707127379727,20
97.69680614520107,4730.364785503061,1.5608683735882667,41.65871568579844,11.587492176587867,92.27700668863096,100
105.28561113109458,4600.905912278303,2.0499434772046063,37.19022398126907,12.145753277039455,82.05990740481516,100
101.71809144784231,4943.26388276689,2.240372289883992,43.31869467657991,11.400658568537743,84.06713373472317,3
91.18479922318633,5276.495033577337,2.7483552037229906,40.60209608286664,12.80290225232103,95.85596430531248,100
101.62041984697397,4961.73526388674,1.7525172598159635,40.77176026333451,14.242879804413914,92.22171705989973,3
98.07458859791842,5453.346479074205,1.751213750845393,38.96656837374264,11.09484224087143,76.63797737093824,20
96.6153899984702,4564.647292984532,2.5748360094393736,37.75175203912908,10.001849644435147,86.93574158030454,100
103.05838144420434,4996.373315646184,2.1482884692651525,41.01329829716381,9.597911799028486,85.00279996169847,3
105.15499761247976,4624.281966676064,2.633825755593987,38.36473831001323,11.819438230206021,89.13226555429381,100
104.65640059558099,5109.08956478749,2.1443640015049183,45.45026688872532,11.20420249184858,81.27510616257473,3
95.80391238388681,5266.06621702919,1.4214416906433645,36.19212668427069,12.249432601280496,80.80195813979664,100
98.45393812074393,4873.771461895684,1.3334358226110967,44.608470318564834,12.159117206431322,81.61964642353195,20
101.65631715701782,4218.73584301186,1.2242438754705356,39.6660434536066,10.076139784063084,82.14035726900784,20
104.8777256356118,5059.684444038949,2.3310259173792365,40.897257202063315,9.822139404622312,89.07662083404507,3
97.60412881077355,5131.021565520053,2.594298411543504,42.4994732998883,12.355119888415315,79.0939941342556,3
99.07170511668092,5121.28842648851,2.9246810706931905,38.10925211498669,12.162514601663949,81.8869305002034,20
94.46832512996986,5370.734657546646,2.4215526661616202,42.59274515409591,11.489018401960138,76.0549380474928,100
94.01896687959665,4678.683896105285,2.581419288767493,31.877368433856468,10.011427697841235,90.03558911706186,3
104.06262911197099,5204.064831635134,1.7099918336731577,37.84003140033418,12.565669515317989,91.3551504971557,20
106.78120014285412,5357.752253743392,1.4217920916280717,37.2278115779768,13.526279454508732,83.36463284568107,3
99.63994939209833,4466.423724798045,2.4250396662087765,36.23948196288472,12.333578928262707,83.51025317593388,20
105.01766448946012,5095.895547775694,2.2088403761197,39.35513548576315,10.983031331321923,87.26610951141448,20
101.80818012523817,4848.746050697699,2.0537221871704463,41.15724990454508,12.053462598685382,92.37241003689128,3
96.77440122697438,4975.543198069507,2.193685740316495,42.107979995497914,10.360663102879577,87.04305373781959,3
101.80697802754207,5104.302945061501,2.1615927412291027,40.722630271601226,13.269552856606552,81.51229028762442,20
107.69018283232984,4853.831430765934,2.6419084299267808,38.00291960531936,12.098213201435447,76.90588714006779,100
99.82086980445024,4797.287576251517,2.647492792408478,41.1070493134755,9.878211705896122,79.42436868668256,20
107.82321827907003,5010.245725246407,2.2721101761701736,40.37285708455255,11.63919076746758,85.36609725156232,100
86.90127447955128,4673.826218341159,2.4229014362814643,42.80816850380805,12.555961812281076,81.72336238399603,100
104.10951252187611,4674.252461334444,2.257031276212388,42.33081010879455,11.600342854829373,85.9748385299538,100
100.43523534119086,5203.811984886951,1.7694151339826905,40.09142924176189,11.668925134271792,82.23537991881884,3
98.50496324767066,4655.361789452403,2.37828233745657,37.30824098151623,10.530717351543274,79.70926784352794,20
100.45880388267751,5199.893750272764,1.3027524655703693,38.04114953250376,12.679849184497987,79.11484184273465,20
90.06215542699553,5138.777387856186,2.5269457761479415,38.3506319210859,11.221836959977034,92.81177254686615,100
98.90164056081244,4482.257981362821,1.4027385301169826,39.05420099825123,9.412265547593961,89.44493874591822,100
101.78556285755873,4796.730604299303,2.1429016433973667,40.80415128276926,11.554491155195528,93.6525897591398,100
107.38947022370758,5358.2328209142115,1.5774230207869206,42.14552317038417,13.177379658684423,87.69975450377551,20
97.40864890863176,4705.650340658096,2.2766944915372136,39.846643920953866,11.535684664080064,82.8500429569258,100
95.95753198553406,4860.678721307184,1.9830373870360456,40.04837436370142,14.085581982148224,91.6167046124497,20
97.49121478207732,5138.618267975569,1.2026220209183338,40.42991891500001,12.51476153825822,84.83465999319117,20
104.57701058851038,5235.017152784779,2.2103498155092396,38.45228406060298,12.40650979473644,86.10420885145176,3
101.64375554829843,4924.538334186651,1.7110396115836446,37.22382322707113,11.84592208089887,84.7858781046224,100
97.3511989811648,4820.746941592508,2.4405733604066846,34.733686308067874,11.91805655068285,70.26547890357993,100
102.56633716556678,5426.710958509552,2.0006628443672034,37.91455192576938,11.683891637856595,93.02367506147426,100
100.4853877467402,5521.669899139273,2.197710492694019,41.41943635980336,11.637276729500968,87.45501972978877,3
104.84322495266444,5293.657415234538,1.521215522492394,37.8912656858813,12.63704059448058,86.64911530434254,100
96.48973453061323,5025.595442769507,1.705333884286319,39.28657888772218,10.87700252425132,84.69111968864719,20
98.36168926701116,4757.5202835077225,1.7706806819494578,41.39929386223695,10.708927405530888,85.81713910193065,100
98.0394592343392,4750.86667803303,2.4283512401212777,41.56206848926801,10.652165938949548,82.01360532076876,20
92.68242525933941,5156.754231579727,2.8386885439027445,36.76140144350188,14.454785457212585,88.08289676153636,20
101.48060138532288,5125.519466266605,1.5974141241285618,42.99117806936093,12.636411482004696,78.46450827800433,20
101.30527636089944,5420.479577883929,2.5384240723288403,43.38205026806646,12.365390642016173,85.93034216235273,20
100.02556728321231,5195.135027760842,0.915161291137149,36.61045042834432,10.730982395647882,87.80786735285552,100
98.82706433312427,4549.075909472054,1.4029052994538553,37.52848939107654,12.748010760809795,84.00665433088548,3
92.92314628974793,5315.584285316876,1.5206107719066126,43.57327204943857,11.860114384256006,86.85433896235513,3
97.89677338617321,4700.581811805676,1.3237456552796387,39.5594394362341,12.2570027293581,80.04332803882875,20
98.28642741736616,4884.808618414295,1.2082058051062101,33.34066615764445,10.828055620963733,80.17086614552018,100
95.9886136538919,5075.060061875508,2.2064994560688986,35.80095548580194,12.192322628901092,86.18358560513197,3
99.19357144166996,5598.700246935189,1.8929661511360694,39.251891124482555,11.491399754152221,88.39274827310525,100
102.02025428407269,5932.975566801608,2.189702698802555,36.510872049146194,11.081266611563775,75.62567172249145,3
109.43092950605265,5182.016917740855,2.3452363430607566,38.759728688090675,12.880927602968699,87.61010317555383,20
100.8728890641592,4945.0410143838835,2.1328084965862666,40.097188641050735,10.154750629763997,82.28399249811831,20
101.28775195361382,5160.351694544165,2.3288815880751867,44.386763812104185,12.67773151717698,84.03596956346294,20
99.62777042116916,5266.296627762151,1.9652338568788652,39.12863825131663,12.821383360263596,78.30241038217481,3
90.4061439235048,4903.799712332842,1.4065033058471277,43.217625398718276,10.944427589338511,80.74191379906645,100
99.86743062275391,5538.563406773696,2.528907090410398,44.286280486110314,11.015605846641039,89.83062662765155,20
100.30115104970513,5069.021227757421,1.7054439336094365,44.302929008056225,11.732369182480317,85.16431686990107,100
112.31621056242643,5149.322926727418,1.532201850618787,40.85426378015671,12.338443452554664,83.08610799145221,100
99.03819517609439,5199.777275616339,1.911041062097801,34.11013255648308,11.81657400982293,84.41755823684483,20
101.50773671166806,5126.475983184337,1.5435945403517435,41.382474596211594,12.520274952230254,87.4460591233215,3
99.82644115147379,5251.682150140884,1.791284809005284,43.14519966344062,14.11557558304488,87.2024724808167,20
94.15660981190234,4814.824044035923,2.172026960781733,39.756798683693745,11.390739877020344,84.624864998016,20
105.7141140725751,4832.509473816191,2.1741708696230635,45.233751610225745,9.941784035155894,90.46479555448335,3
103.75966516343387,4669.953730108491,1.5510849667871853,42.579500684402376,12.991108299636783,89.85231318453333,100
103.95515973521523,5131.850369186068,1.7561473135256276,41.704820131458355,14.019977491113035,87.06686014565197,3
95.4530627260263,5233.680951053634,2.537166502385122,43.259142133617516,12.471322035661348,85.27305891455035,3
107.0139715546805,5137.331859845565,2.2482000588669706,41.000109553782636,10.694701589575597,88.2866054755977,20
92.9907446860386,5502.347730004261,3.037532519674271,32.52156850181394,11.85132916411776,86.57133710900592,3
102.93428546900135,4998.321194351286,2.590064086870764,38.5025831455889,10.657771818946042,90.30400035902974,3
110.95227812904989,5200.622496677754,2.5721465342799696,43.59150408174356,12.771426592755537,89.49780688369154,3
95.04731837434656,4672.489737158206,1.306065724772099,37.57722597970511,10.378451516761878,79.90873049291136,100
97.16851135198614,4883.87008925768,2.381930175816711,39.32958248428918,11.63984545580616,79.57018414629147,100
100.4982568254382,5208.661327269733,1.9734465991515446,36.865491058290786,10.794794608447312,81.49375227797962,20
97.48262172941901,5254.730633222944,1.7245090982308753,45.351767785605304,12.152189622161954,89.8806934503346,20
92.24668284466934,4911.8099157007455,2.0840076702662644,45.04447737225405,11.560389987434691,77.11845501614377,100
100.34281487403014,4978.52022444258,2.4726057673057418,37.34839331457781,12.212114523900317,86.97378694553997,3
94.68848143136948,4544.637875995757,2.250415795502106,40.44189400116725,12.026820665959638,86.81271545546481,20
102.36796215317591,4892.891239758017,1.56076309932897,37.95851785670786,10.816009166731067,90.81324029343097,20
95.40287882883098,5267.1149490559355,2.37122945679631,41.844833917094135,12.752252476234826,85.90169345331944,3
107.7496720250877,5172.56150483197,1.681206228962018,41.52904923172699,11.941481217788262,78.2839530470805,3
96.08373353831881,5150.199716414363,2.108341559482143,42.43511671483979,10.81376519056092,80.20322519675939,3
98.38969241897162,5014.932106154288,1.848324966261433,40.99575534312366,14.68911186744695,79.09002239051088,3
104.06758608684835,5002.118947588453,1.890566874132187,48.806218619165406,12.57171620006055,82.3102801683343,3
93.84567841783023,4801.903658157966,2.383121487520255,36.916228704967786,11.816087335920834,84.08549216288037,100
101.13729967302065,5209.648526060761,1.479903140092051,34.868189936690456,13.698245432042189,79.17279236889472,3
106.53571377141213,5126.291883316817,2.9725975371384665,38.82072939789562,14.210178731263928,92.35330995326144,20
91.96258382719387,5147.605654397839,1.0894569653527517,35.2960352033192,11.825580693223337,78.3735931402378,100
100.92316929266153,4842.189547199726,1.7011661583725715,35.522613189982025,12.416876983721714,91.7305171193124,20
101.29941397124212,4353.997124038627,2.1851059449708705,36.9960560374061,10.81439661839647,90.9258151571967,3
103.90911435888655,5329.145813526109,2.292157083217655,37.23343328370512,11.823368699078387,89.49151274844517,20
93.81524644560959,4856.348763197479,1.9497621397141474,37.13614569414982,11.761124935488157,81.53116696251625,3
93.39771693457863,4741.167270787064,1.9713046484992287,41.55465685133623,12.221792440345984,86.71225439588451,20
102.60970782808448,5208.043673574198,2.2052750426638084,38.48143281674399,12.399312574364412,78.6131443322469,20
101.48492336616593,4882.396208024261,1.8844652612711599,39.46145627538256,12.671794138593672,89.55453517516875,3
101.25246425172938,5317.980915213987,2.696590628967453,42.682698323502805,12.285171187559952,84.63007609231866,20
101.73224104748488,5185.101784873009,2.419674557115801,37.70103242565572,10.547108848045003,82.95339892706657,100
96.59987639210755,5205.0707969601435,2.4364121755028174,39.20636230388583,10.873839473110698,78.88127576671866,20
101.16126848580502,4590.21328663984,1.5169216383147914,41.09727995827875,11.344310856643592,72.61246940685491,100
101.46536236649341,5363.58319561592,1.9603057877971486,34.17529659813934,11.661311289692126,79.80729571482122,100
96.42824290986816,5078.375159370157,1.8497670256396481,32.84528347314826,13.260929148566536,90.56399097806454,20
109.32887255572378,4889.216858226139,1.4971993121552671,41.03835198639317,10.604473215776505,82.98583285762598,100
102.36916460455893,5043.016540202675,2.1800820919728836,41.476042841700696,11.57110194219516,84.15335571442476,100
94.04348251398676,4467.129430130504,1.7311771211100917,46.19266040455723,13.14361139785686,88.27777179144226,20
103.28276804316914,5122.595843444201,2.3277019149251186,40.47428462760043,11.640147030604066,94.02834439058132,3
95.1265916488634,4691.188547545378,1.4649042185528343,42.459219151774285,12.552498779811389,91.62502327472819,3
103.93542301871226,4594.198914246939,2.8595203064209107,39.413582069242075,11.832549548486515,80.13832498091907,100
105.79297789503703,4543.292244134633,1.551833670703969,40.89168166475526,12.308139908789668,75.28714714281297,100
95.89658840824144,5333.806512496978,2.109651168600218,45.0017705252486,11.725832947428552,96.79807129550052,3
104.8168806462216,4811.220981892164,2.395929655194034,33.62802154562309,12.800478567274025,96.34495805829727,100
102.06390463468249,5460.11831297495,1.7146797848999435,41.24084877271504,10.145932311112277,85.94226798214642,3
104.11030079997245,4839.259561084311,2.4262343217164752,46.4067601902321,11.564025589933745,78.64755877209089,20
109.48396491326974,4487.792612722116,1.385408201099792,40.84610265762803,12.35588721203317,89.8161326694697,100
98.77305941998564,4665.042668015402,2.72605884959128,44.95171888969854,12.640434297607431,84.46008156993695,20
96.23131917821256,5370.743486002081,2.007074632482879,38.112363551411676,13.791543147304592,84.43509438446695,3
95.55242785187238,4953.230546619,1.70179429601556,39.90385751750886,11.530770399761309,89.47229421552565,3
95.92094857517282,4835.51381105282,1.8504091137862828,40.10057410716576,13.775378114233048,86.6718737343665,20
99.61449145292949,5048.005467755836,2.4044596346963596,33.347226761923686,11.209171408008395,79.07092544492528,100
101.70575987408321,5150.534820850264,1.707772354074781,36.4954665164494,13.594375693853573,83.37629032459013,20
101.38345399665009,5335.219644770738,1.6253211552886113,36.70937476184804,12.980960552038047,88.30576464330673,20
104.13591624518011,5434.549768967878,1.889231701208131,42.46619823409758,10.903849704441333,87.55126111202509,100
100.06500945938953,4892.069406263275,1.411518943615016,42.61645931705216,12.368447084702186,86.31008287179237,3
107.26767038578659,4602.185694175389,2.910271953970908,40.9721093281196,11.93851699736137,89.66711477237932,20
98.67671583381022,4875.960451663017,1.7168027043926384,42.47230869056712,12.75070151241,83.19141506091368,20
113.6008458329481,5078.084151974866,2.415808393090202,39.50755176183468,11.732074093880028,85.89334887609536,3
103.12833673882503,4710.872322136816,2.1047350418238864,43.60579500861863,11.631304529205922,68.122104499112,20
95.71421221791859,4712.854725531487,1.507732974759016,40.026365327896215,13.642913499315421,82.75174903078593,3
94.64553750969444,5103.1363644649655,1.9970226453936353,40.17359214228027,11.881534926653192,88.81951454287822,100
102.41236207621593,4985.404294528865,2.3920013896553742,39.20322210021276,12.99170678903012,83.04802766441429,3
98.88268607337075,5009.839098623476,1.9058693324568468,42.05335143290928,11.72957821794696,82.66886304141444,3
103.57000247046047,4772.451399589979,2.596556472925514,38.73640355016126,13.999995911073029,79.79273524112591,20
102.36618812286773,4930.87978573827,2.510757696390932,42.929294131594204,11.185998444797407,90.01682946364573,3
99.63585543671563,4722.730056719509,2.4594574273291645,36.60355257785198,11.263027762503379,87.74231636770286,3
95.76603140965797,5267.059523337436,1.7701716138635015,36.703251235815415,13.829420617339084,89.12707298911542,20
92.42576387657067,5310.5748004171255,1.4600787761092566,42.06228026537951,11.466064330925697,76.36893019021055,3
97.76742523966489,4446.143641328572,1.6932061973186028,39.734367356250964,13.921289167397271,84.19774978367182,20
104.28199397161737,4721.146741942277,2.09812047033336,38.63832575154061,13.070208695513776,83.59944496124997,100
101.07046872065102,4551.0412234729765,2.2728933567661778,42.67017319742638,11.814420352127,83.59714146700723,3
93.77130610644006,4804.99281967793,0.9142142976197762,38.17821575774175,9.82404783357941,81.91986228141022,100
100.86590462925591,4974.968609062892,1.995943399194125,39.39939623709889,11.976818034873798,83.26947864109992,3
101.92658689864419,4565.106434090441,2.0790446126615922,44.19768385021348,12.12195606424011,89.24822391353325,3
95.58071281899433,4723.442056062406,1.8612278718422242,44.61742703743195,13.400661279965247,75.43574323326085,100
100.76862552972764,4698.812788375551,2.6456369195079397,44.71719463081098,13.906136611488133,93.88647384015226,100
100.29104359223,5062.180198819683,2.2108900371254356,39.15362266919826,11.178015385027503,87.4192056251323,20
94.28514851084688,5020.8033011108755,2.6550959540404486,43.69210871495341,12.961418116785818,84.78834052169894,20
101.78893680174141,4783.478733998824,1.892019739824884,37.153141516693964,12.918482587216019,89.53417073186463,100
102.80392263184117,5053.046261641819,2.4687387462534627,37.279291375833814,13.288095242892535,77.74082627415783,3
105.41525621587638,4835.99597462382,2.8175331972637596,32.948632442126915,12.598427894562654,81.67649547424493,20
105.26901026017451,4918.503466902184,2.6558467246363304,45.018604605695586,9.669002770845877,84.39462283804723,3
93.11165316021454,5502.035627089561,1.4539292032856335,37.408060452771764,11.813493080966689,91.82780185216089,20
95.31087480042439,5402.138315537104,1.8731619612288095,39.62040226075882,10.613150910099701,84.76751709436721,20
102.5751763360433,4610.125628921721,1.8274176472751018,37.26902697421515,11.756873072498312,87.25027335592573,20
102.56892975456104,5248.919725363752,2.244627267538164,42.085495744990425,13.176005083360673,82.05210502031936,100
102.57523843153024,5243.418966347477,2.3431767775072667,38.87309901784798,12.366181003049967,87.43421034483745,3
119.26365745327361,4655.521013374215,1.580553662987132,36.08554932870115,13.377709039676919,93.38619796487228,100
102.85445255346583,5245.633293126458,2.0339192569584688,41.32498769255818,12.410104704856247,89.97763345837058,20
105.677828200903,5461.379575523766,0.9900363339219318,35.698809925569314,10.442008872397317,84.5927200611106,100
104.770008817466,4663.236558126676,2.720972502900945,37.487782824053525,8.974983592112718,88.37745423632735,100
103.256956256529,4724.74915369572,1.7438128796616532,33.67933265612176,12.178570514015508,87.88758477303605,100
98.42365377679828,5305.29844005305,2.0279319699222484,35.72812566340718,11.743288240378602,87.53293835848638,3
103.79484610246634,5081.448593247695,1.8451751430059693,40.53558750916143,10.827665112741741,90.55976680430204,100
96.13587392731215,5165.442882571857,2.5730137875067074,34.106391885691224,9.959247300418347,90.52238851918733,100
98.81590696629996,5102.176764920149,0.5812467793013105,35.55656282613485,11.11830814383275,84.36420701562558,100
97.57318226085448,5117.208776278443,1.9916948288370455,39.99289325160158,11.766610218162269,88.20939530738885,100
100.40937069693162,4602.058361506675,1.947090621251151,38.36917931172084,12.799053388447668,83.08452539420104,100
111.57329283336755,5314.195311986435,1.7731818062041587,45.97610990787793,12.226357297881576,80.38463801842211,100
90.66367403704126,5350.876997728332,2.863113272817816,45.501689638073124,13.929680696607274,83.65253122148007,100
103.43130095187257,4931.182776779591,1.5563352705721143,37.39623261174654,10.757275132745526,84.61860924130208,20
91.93642064405174,4986.956915055841,2.3858980886178305,41.67141285521045,13.05727067046892,76.69209505411004,100
97.64034067105283,4540.667749233284,2.1781263943530416,42.24784767063835,12.056758491754474,89.30166279708361,100
105.44475298483682,5154.276426805351,2.630759626267758,38.20756342592679,12.833602948942302,71.16337288698801,3
100.32140009547732,5171.617232514243,1.6664054576112473,35.51337539050539,11.476182164081347,98.5740846974316,20
94.61127611035347,4981.342694900207,1.6335155504381205,39.96310465207583,13.286016448668708,92.5093956689816,100
96.42348145370016,5337.3060079611505,2.548034953738699,39.48146297555767,12.354269710014291,83.69495637913843,3
103.39798874467338,4899.776830706018,2.212660654165055,38.69270650908814,11.184666018098701,85.04713180281887,100
96.34816684141431,5169.38177776808,1.2275313266616208,41.326950604493454,11.985571165304174,86.51485936793641,100
101.08229294790988,4694.100698392365,1.7303474927683649,37.747811178983206,11.71253296927548,82.05419806005528,100
100.22785919951907,4992.934354737728,2.1931913269240306,36.54400735726257,12.587014020765352,85.96309573793468,100
96.74199826197092,4947.693722629149,2.4188821107732945,40.327248911049494,10.58426790075059,84.28000011149169,100
110.71972044662662,5067.592376612282,1.6603846734035224,41.15791027770663,11.964777957461166,84.52863641384516,3
103.16959511159006,4889.141921349992,0.5428720050915294,36.47006516829984,12.474368703179197,85.9073053174032,100
89.87428706671196,4960.5582212985,2.2616115928685168,42.784271832973246,12.03962796863164,78.43236100823003,3
100.93227157384713,5247.814151432452,1.389839655028012,34.688556586671766,13.616329493266795,85.19784862066824,100
96.69106767615806,4868.970728828534,0.9913306009387943,38.26565962385307,12.928827328885262,85.8172387330874,3
104.26216667398111,4518.026869778396,0.5838370375079296,39.22597439140717,11.991023043911104,85.64424810677957,20
96.0373963078365,5524.875171261626,2.4069904300988707,38.09132886204421,12.260026916997207,83.92084622281922,100
99.4263177926655,5414.436223607146,2.0643087252024834,38.304818579346424,12.3547986617784,90.68928887984686,20
102.52493639490228,4612.321191468314,1.887171809643874,45.613223446924344,12.48395952500019,83.23173722559224,20
104.32877597085061,5206.9123415735585,2.6945121814813806,37.4473477328833,9.809210405202471,86.13662953411595,20
93.99851796472112,4849.107568834597,2.318662341511536,47.32366516741574,11.638168445076783,91.48648766962773,100
98.32749382079525,5079.046164599318,2.8081500213609583,41.31138033919316,10.218673118167889,84.60311929989844,20
97.62527344419522,5088.267238704048,1.3036322639165019,40.27616541193598,13.533937136951383,86.07231633733775,3
96.73335383713145,4929.677659905104,1.9827246880230183,41.428721060163,11.926980575996486,84.51807681842551,100
108.82727120140548,4764.870300324081,1.1916433125259929,47.58978324775586,11.767990860384453,91.186848967818,20
102.02490855480478,4792.837684305122,1.8853088340722663,37.01922098820565,13.076156798439882,83.71137719206853,100
93.69558022832477,4725.142425355627,1.8756920731166613,36.63874624319083,12.506789756939849,91.41677288644102,20
104.58930973527389,4750.4533375308665,2.3133068186315353,37.73540141028424,10.645638582744951,84.48206052676467,3
110.61078098506317,4979.846512985194,2.0227819405709493,40.09642944089368,11.914913564967158,80.70270138275991,100
105.16232630275573,4785.272003266775,2.311703569139958,34.822686625562284,11.597799632128337,88.3968658528706,100
92.40315017022994,5204.615619713786,2.351720066569447,40.06701771795582,9.906560533672735,83.47666083122172,20
97.57882963566874,5446.173846600778,3.0774643386915708,45.080641400241014,11.171668520115354,88.10250449549581,3
106.33455574593312,4825.984027588987,1.8423516723569378,40.454222171874335,11.779751613580242,71.35297807538133,100
96.4616526719061,5071.821350160613,1.5294886496668105,39.121943623074166,11.862058882209789,85.02602630947473,20
102.21909714073114,5149.90553309088,2.1230418076582045,38.14551865394912,10.22132229158723,82.7019735062126,3
103.87317026714669,5141.600681275782,1.5988599864302282,42.69553511365469,13.38199869965697,79.6837065673436,3
95.36534764210958,5022.786580374826,2.740980384218268,37.522501680285856,11.877476329330273,82.233794990801,3
99.702373219691,5222.804725507916,1.8583909805273837,45.53918776179774,12.045063691992675,82.13148427853675,3
83.79366329965464,5144.674685804197,1.7172118160630048,45.800079243143074,12.480769966007804,84.7600710257471,100
94.87806179332856,4628.701273301811,1.764342139424441,40.77025239598536,11.054308495315595,78.16336769357522,100
98.7371592430342,5260.746819316782,2.3592087117358203,39.96545473577007,12.547627167759236,86.58136890129857,3
93.76108409017576,5266.187251180023,1.9211265083842575,43.09197942472468,11.55951042477818,91.83107392602894,20
108.16205651965818,4771.014168746426,1.679166589934809,43.284395506681975,10.92409735122337,86.40464248473913,20
92.84929311019684,5011.38135063428,2.8326759588117656,37.58202480682176,12.688136992026479,89.04494304614505,3
97.79977756651508,5204.998697843321,1.571915079669125,38.4203346005899,13.79000863056217,90.47281227306898,3
100.65370288643045,4937.205854126191,2.0177830370164966,36.03295769595012,12.869795248182998,91.18244756092088,20
107.20636644533057,5321.893414329804,2.326153075805115,41.22719481500217,13.107573078168517,94.35069346410653,3
92.82068924410281,5709.161748385808,1.1843324447914634,41.99988365037067,11.37524327212524,82.50399000862035,3
105.8158187607748,4764.204190209505,2.2401302507029626,35.95022308641618,10.082856324997852,81.40758007419441,100
100.05116530509794,4585.686619053868,1.4724461622597753,38.63440328555152,13.78816502651981,88.91732824162368,100
95.09245674476024,5091.145578681463,2.411391390417001,35.95823824725595,14.465417867285712,88.541331098287,3
102.31051737131635,5216.468751537843,1.518674494040512,37.30360056926849,13.851368128523617,88.87837649807845,3
100.99529847786735,4930.74008784657,2.3463845159244303,41.6530511806789,11.5970568732243,94.44641227125126,100
96.99891561420603,5435.97819899631,2.5529165331473562,37.79955379996516,10.614438793525387,85.05684954399247,3
100.3490104249501,4598.418260083025,2.4307182628164026,39.097522131903105,10.72118076261652,87.13078279823092,100
98.0734320156912,5207.875586909483,2.125658324119051,35.11806481615805,9.979520918863141,80.09805874258262,100
100.56758672625624,4818.241753772332,1.8843495285351504,40.560970629173994,11.871145657907945,95.6766056198798,20
103.31065337260523,5515.813371862189,1.711790211832578,39.86718004046605,13.926813549698945,83.31727539395445,100
107.93008408072676,5597.754605950436,2.735517345408552,37.813122249900516,11.830004841753308,83.45892035919584,20
93.81092250586576,4770.003023664995,1.6502523899161785,39.43295710695258,12.36278748041793,83.26625054495878,20
110.66516687328134,4835.132859227426,1.481466963215002,40.54088464151033,13.65071635716505,81.77552070677831,100
90.23956100238749,5257.87636609394,2.332684467516415,37.555395553271964,11.51508562580112,81.35281475576176,3
99.24107452482208,4883.860805063146,1.6019315984067524,35.57121236799466,14.442637748063515,82.38147858555237,100
102.94158603242288,4986.376634620328,1.5249682512669365,45.41672329806045,14.390513288996944,78.17102035974527,20
101.40495933867517,5007.616526162723,1.2781978689151177,38.10018188586918,11.842666393583421,81.0734103986838,100
96.88650240089703,4424.098053140703,1.758545080269741,39.70971969043933,11.306958883176945,94.7448155572381,100
98.95938874821363,4995.848676171729,1.9586424880517534,43.03251920506094,12.836685655668376,88.67827571820685,20
97.53499532670584,4793.081667780748,2.1215458638303493,50.58716556271145,11.582970068977371,89.62952088363859,100
97.05317621527894,4852.063153280068,2.4756531221497418,36.266540650333404,10.612133739519196,90.88604393708458,100
104.24801048510513,5433.089601040644,2.263448961832897,41.34948164117953,13.537486384227577,94.17067282181195,20
101.78507742982524,4623.0479317162235,1.90456389022341,37.87734314411768,13.459736864732497,76.14288724278077,3
96.53545202369673,5243.961556024393,1.90090216181014,38.38362908626987,12.186613924516273,78.8505844235673,20
104.49799937716625,4916.311120900457,2.2550787344575918,37.83936393697963,10.484562295526187,80.98138169552658,20
101.53649760438304,4916.07194945125,2.6362850814642846,36.623035096598244,10.524568498539137,82.65135101755202,100
104.06431059419481,5237.111568815513,2.0631570997416,39.87612591464602,12.128675146102983,83.49715304707375,20
103.14814420961807,5102.015388370667,1.7654345728947956,35.57649193885529,11.400154758593962,82.7651122359698,100
95.85502494538964,5171.18389916586,1.5035669994572274,42.84042269953561,11.590688481430071,86.09654456566027,100
97.19909479901516,5290.455398159858,1.2773973677938872,40.165008808100126,13.226355786072004,85.17647695372608,100
103.7364680256163,4900.607485045003,2.3331348360217614,41.26730491870432,12.87981518090707,81.38582602410875,20
103.05185132716733,4816.328979647675,2.2889892618197787,38.60143416416133,13.653771216597136,74.12225611506216,20
99.89549203017926,4674.454842032661,2.2886817625533307,38.89838819736475,10.811252131947292,80.03565647310651,100
100.58663691654391,4752.376841006313,1.935670276823972,40.86269171550198,11.588170117575945,82.25380673343713,3
106.38832447894212,5884.7283275926175,2.7034673729458754,36.507848102782525,12.910778034552136,83.7646028159614,3
97.04214305582084,5373.403874221036,1.7579407527075912,38.92602869675999,12.53769400921547,79.35166270344732,20
102.7354869058502,4594.677690137593,2.4776346186036027,37.421159458364635,13.838856459105147,82.5459676675179,100
98.98903673783053,4603.262612976929,1.9806285525052285,37.328293568226954,12.504644047084883,79.34506305757206,100
98.9115939838639,5144.559818515548,1.6958246176603313,33.670485278123074,14.217730924926663,84.37090324225834,20
105.49388425993595,5164.17943921339,2.2962651536588807,44.01797976844,12.64802136206777,79.63454335818692,3
104.12708174494014,5164.6651505952095,2.204818059341997,37.94038374053869,13.274600937106392,80.75547671814768,20
104.06754818000319,4923.513261933891,2.1784863796334633,43.49012816549065,11.611782063858652,78.45657934505431,20
106.52739403577165,4962.36372199913,2.0406392110280995,43.20637696418288,12.017144654260786,84.23249652215108,100
100.1050192081638,5098.363857247808,1.9810534591415845,36.14200088045052,13.09313328460737,80.66776115023801,20
103.40976485647482,5025.767901887999,3.1941859964352193,36.73476629298146,13.935573804711666,89.53392133337715,3
98.44866621703272,4334.209888175739,2.5921283225980867,47.68150887806705,12.875084339172904,87.0292513334645,20
101.62083176244221,4931.060110827442,2.361413447492756,45.25277782578143,11.900193873678457,84.65074065908179,100
99.34928472816158,4744.578069721906,2.0558995791016943,39.90544446001569,13.65280203543401,81.01257251328106,3
100.48497982496359,5052.563425672553,2.5035786002983347,40.77211931925205,9.369625612464143,86.90260152658152,100
102.97578512718457,5895.577700781023,2.258997388195726,38.10746079115843,10.293318598191751,88.45350444674318,20
95.90889658383264,5110.244499642291,2.013102376387018,41.29705814260102,12.817961068402067,85.71344206100815,20
110.4619363784273,4905.94109414828,1.8482178373670424,37.84845429783259,12.016930027503749,93.01850927733466,20
94.96991309250149,5276.540450593176,1.9595413311686558,33.902938707104845,12.726616381348999,87.29818659037409,100
93.92905693606134,5144.806366162764,0.4147871320609722,36.03533264046685,12.077289026918331,89.56803608784017,20
105.79055436750033,5126.028347135552,2.1053004196488208,40.063278243551764,12.685134833524646,85.66782707767989,3
103.95831346981468,5182.055177964701,1.7557619599448202,36.60679829349224,11.022716614808171,88.37832226628488,3
103.12059908526078,5616.963069448862,2.796334999141442,39.798167605259394,12.684583303295629,81.01609383665412,100
103.1417275463214,4660.733469402226,2.009672035405877,36.77601688170141,13.193297433849102,82.70800818393603,100
99.93876613576543,5142.089623043436,1.4055182902325192,37.65293823249402,13.46466072471748,86.7468177674119,100
95.51372814257084,4722.085661005539,1.9750599229359411,42.55949591923957,14.41626515357844,86.7104974077869,20
100.37902279096863,5166.653793902675,1.476939457468748,40.74244164292031,12.292918132202864,87.53805911471623,3
96.61419144243945,4724.394046554172,2.236703707856233,39.971006736059955,12.328693304216614,90.50196446139364,3
104.87559866708875,4874.789955918474,2.145473682169743,42.636891919211955,10.172193042991383,77.87514414092294,3
99.2647130924893,4911.473025728628,2.478919815554134,41.441825780042045,11.36230631863389,80.12773726194852,100
95.87251401603744,5292.745015803413,1.6045591041527172,44.339689873754104,11.768301511192066,86.14786320537127,100
98.39307079173503,5275.536333182724,2.017004048114073,38.62042221305458,13.260383462731626,81.37818184098269,20
102.06465727137812,4626.284787066084,1.3174891022866824,38.71109506441747,11.266798651092445,101.88884120644681,100
97.18137723598012,5016.480233299954,2.3507473909623573,36.096672200825964,12.955608023698598,87.57859809585068,3
95.88889802216784,4787.126043575248,2.259435590220061,38.71305784788274,11.998053939643944,84.60834575534922,20
101.21843605745956,4622.4485267974,2.2479025105137853,42.894309682907334,11.787398261862286,82.4226536345807,100
101.22483285554361,4934.894884872689,2.0008095156784704,43.899962116786405,12.298672762959908,82.59918858403478,100
97.46528412314436,4907.455163463254,2.2073864453943957,42.88091550426,11.53061235329659,85.15070330657589,3
97.64480847190839,5728.014945903657,2.802169554154298,34.617424400351695,11.4851553022888,85.55990966310628,20
101.16024968678818,5129.887947608209,1.857452871478993,43.2494356379822,9.954256913051863,82.71650427653243,100
92.75957829251338,4586.714749773729,2.0693225918550424,34.48444413018379,11.702454951206532,83.63423876740049,100
92.96268112811723,4830.567798748717,1.4569368504092952,42.694351972367045,11.424038224621528,91.72142287617298,20
96.40777889373783,5306.41498862882,1.5658695192008338,38.896646420286835,11.380822812781105,91.92252481325517,20
98.93276424144076,5626.532831860977,2.0489066465466537,42.10759994180157,12.50024767510805,86.26016989967438,100
101.55453782799002,4524.205006328612,2.5519667733509537,36.002654956316306,12.790358343348611,78.29370136381631,100
107.37678108474776,4436.022684458287,1.8718595878742137,43.51350289811844,12.278633405570794,87.69251578319522,3
104.2882981160101,5561.289552611534,1.882041735343938,35.605075761685335,13.19449822853937,92.77141220805512,20
99.20030735018287,5116.884253211271,1.7965573777478125,37.994635267440465,12.690674310996439,91.8489055098119,100
99.90491896048655,4739.51218043709,1.7326216645778385,37.005716116692895,11.64593257223323,88.67212926404834,100
94.98735317681096,5160.38872583673,2.1474857278544106,34.737145441532505,11.444572457142744,92.11211477642911,100
99.90743432003805,4209.275678294936,1.2513711774106777,40.28358270276541,12.375386684120215,85.26692136239511,100
98.5567068053993,5001.012651979148,2.640469788333364,45.418267353510885,12.688520531882281,88.14051484916853,3
101.61359280169044,5098.346351852925,1.6672888509352697,48.000715666960026,13.677413168437798,81.5961221683741,20
95.86384528223839,5277.281041861349,2.3609517427190707,40.291467361258746,13.429407653928115,86.46132728077856,100
102.59673257120586,4695.831214312238,1.365000701303062,43.35004382520257,11.350232392191398,91.64767121985263,20
107.66369456501289,5025.706148421008,2.3344200652731093,40.696283913785614,11.877592463847286,82.05288294256555,20
99.45619925771571,4722.372612182124,2.3359723039072486,41.496649584304635,12.805221365901325,80.69278285267856,100
102.0085586104947,5076.615126702295,2.1921010360029483,38.97355404661828,13.281597333670767,85.48744469511848,100
103.45071995855557,4731.396103291093,1.5027857391001038,40.58523077626781,13.12676336244575,83.86668898138001,100
97.99389764057082,4877.569748251934,2.1247740947990383,41.612436113819285,11.923346600602384,88.2457386053521,3
101.12046240905208,4701.255381562932,1.4084719076328054,38.264620813371,10.49517281708578,82.7337023702648,100
100.06296200390898,5195.340872547097,1.8736183724519073,39.76751710032104,10.80127634850529,93.59219807801357,20
100.48838049274416,5257.535334996999,2.514706550477663,39.82470964300754,12.327160217183296,78.55161951019473,20
96.13495108072267,4929.613829012776,2.3983509635353712,42.47920995199157,12.410670695309214,91.26867393109868,3
100.12255087129472,5011.471398488008,2.0075914712702168,36.80190348511696,10.681584751878738,81.17575385845949,100
102.48999145622724,4565.422575609937,1.512596712038579,39.84537337417704,12.053483533067126,76.02008632707988,100
107.2557180389752,4910.097005597964,2.3227938560870967,45.73601640715809,12.75746922836614,86.18937578174433,3
104.79635413042604,4984.938614887476,2.0096906188490125,43.49218045775781,10.618528010991428,83.72696006993058,3
110.76591228755778,5786.237927308993,0.8398422008847883,44.047537146666116,13.325996642165297,79.45195316048485,100
96.16326218555976,4666.409892267751,2.391314913158259,40.0732955205341,11.546962621728209,76.59311554142369,100
104.36160318360339,5439.253171625731,1.987883583065154,40.96299269105807,13.50913573509198,84.95819606364272,20
100.91671002869175,5299.057632039742,2.601225623991536,43.00670850010878,11.359857065068919,89.87918445811908,100
110.94901466608836,5084.190921347041,1.4523647405785978,44.68076658859279,10.768049420538985,87.92476746543223,100
95.95850857322424,5527.58614525854,0.4116480934019997,34.14519126135134,11.450235612189937,85.28353324419633,20
95.80139078909612,5111.631641782059,2.1395419291725926,36.053676078850465,11.885822252307216,87.39423786608867,20
97.0030367727799,5116.747758700379,2.1457818383409863,43.92833230420794,11.533824111874223,84.86392933811071,20
89.38052137845096,4984.063804094736,1.154664186196774,39.16933193269359,11.740798294112263,77.85137878484815,20
97.3712248915962,5367.070664725588,1.5107502270666968,37.98483763222577,12.400758179611428,77.89553007388278,3
96.20433669223151,5328.940770143265,3.377608871859951,36.23751703901319,11.794584756244321,83.9841573550766,20
100.75196893238103,4812.296813751136,1.8471946929230982,38.33494989536767,11.92066512725759,84.19673356816963,3
101.70877987888579,4604.2258416203695,2.3654794881881083,35.79289214972852,9.948928320956885,89.25491339253382,20
109.38085419607943,4939.105808781303,1.6746700863158082,46.27328281819743,12.470037619212567,88.78652111887374,20
104.75211919093024,4759.988430680706,0.9548485505734217,39.93269184405828,11.892956042769999,88.02566507879474,20
97.11548172168798,4980.942627615394,1.9148708766020472,39.82614837471185,13.932351576579444,83.59858643461409,100
95.50792664325822,5371.231440405241,1.8671977198569474,41.764230025503494,10.87252179929525,78.0967391494493,3
102.45959585753253,4862.809503473963,1.8000608806658143,42.88703550779971,9.830045605800583,87.06035568533012,20
93.3988339648968,4987.152985606527,1.9426795822468037,42.83766446966392,12.74168219271605,87.62584656631084,100
109.15729382927177,5017.406820442518,2.132134135822818,43.22086583172271,12.415832421975601,73.05734268761157,3
105.89720060360644,5254.529264661585,1.9249415243730967,38.10746334762743,10.789880375362625,80.82830906708669,3
97.65412173947648,4325.933199804618,1.3679969160263181,39.10639958512942,10.16430125399509,81.54472811303052,100
91.43432735454562,4817.989911570411,2.2430923957809696,42.30709496632683,13.844876076821148,85.59175100561718,3
106.76936187082707,5063.385107683842,1.0253141223387883,38.41783281508114,13.696932468728138,80.98319783617153,100
99.42730077373692,5360.023686928058,0.9748212713578999,39.98468010391832,9.015051889552645,84.8093271558768,20
106.1890815598673,4852.429265748138,2.369590247350784,41.19629129327444,11.450132364892198,83.94732529823504,100
92.02786170602816,4437.034188187437,2.2535101360676784,42.35555524693113,13.997030465740679,84.20425264231136,3
97.00312488523113,5185.913433789841,1.971302317462982,34.6669571128894,11.42872493066656,81.41802853149628,3
100.02621849859092,4809.391283352311,1.302275747622464,42.14423694966683,11.411265319168017,81.80507472966661,20
100.2349029688237,4643.100002272891,1.6460445296629622,39.29882782644482,11.660688806844759,79.59866470109654,100
97.74967264260378,4812.696383086033,1.868626626156748,42.12237313259314,10.654923631478209,86.90033720286917,20
103.11424966173749,4944.642392703245,1.2020530157129432,42.33079507706449,9.954269106926347,87.85551314295684,100
94.66189785308703,4818.576600638537,1.6304856709883835,44.823745183357474,13.263056772881699,81.1469102493733,100
99.28810257489353,4338.330182870279,2.32616516908834,44.06036094286361,9.78847571250279,92.60320048008522,100
100.60147815855949,5269.11985906614,2.713652682144608,44.03971498783089,12.296725742530507,83.42699276278975,20
102.57219417029374,5382.462512383617,1.7902826236707248,44.33101095749871,13.06389539130918,92.6509281189828,20
103.55807439044445,5195.4565974018515,2.378244177158049,40.874136954447835,10.25852844131861,81.78936413084199,3
94.37678954081065,4658.694298872555,1.0429699647062662,40.09655526111052,10.890877916885914,74.86711111700282,20
92.32942914632189,4939.552539815744,2.3297256205568058,42.618451249535006,13.455815026069908,87.01098912456176,100
106.38838410949255,4998.043605431162,1.5980257926362595,42.196242854299065,12.639470064272448,86.24272552559493,100
101.66157005989795,5179.638316868573,2.153672808353985,39.07280128978522,11.259257151745336,85.17196897653791,100
96.25756731721724,5200.502146615424,1.8761237908801454,41.2144702264248,13.442698804033405,81.78883760778005,20
107.75575987761262,4779.747860366451,2.660207004891917,39.89471059964622,13.447842868145162,84.8271388725709,3
100.57837317146429,5024.598666924068,1.5627821758300409,37.43820127461983,12.322863231618848,82.44370271065236,20
105.89648592031914,5137.184121384573,2.3138031487809156,43.87138222412905,10.919807726551605,83.48825216834125,3
100.33759240705055,5436.74669664403,1.8602462683517333,40.16559772759027,11.503861555833845,89.20816127882537,20
110.30373962440993,5211.351961947417,1.9208472609951681,46.14612477309655,12.343664092746469,85.92108614765047,100
108.77670421221602,5236.717006212656,1.9080730534203951,35.1235231894005,11.773686205023013,88.04975693665989,3
98.75517925760464,5025.147988378808,1.5771634477529435,38.3296636814699,13.126748613881821,83.84065746687105,20
104.85785475477178,5423.137743561051,1.9929505170466641,40.097916510072615,10.164271103868796,83.28991327097613,100
103.22687974792574,5122.92883878785,1.9686758889390892,43.41214329288674,10.206883765120514,79.23258734555678,3
106.84315778766174,4741.673626947929,2.1206201242033647,41.19840811780656,12.21704533377892,83.14981693715902,3
95.17538269709948,5421.010991037558,2.042252572846431,40.93141826254225,11.410146703431714,68.3944272220543,100
103.43025729999219,5209.370981761708,2.398997274806118,36.61820862233756,11.24754166236271,82.04889016847183,100
105.29212243424794,4867.086793661455,2.4617543080236843,36.529175808311585,9.878331936990723,84.59062911404581,20
91.20630256788442,4856.152109780227,1.4746883390860994,40.96751398086971,12.023455013757818,87.81836827135078,20
94.08370743667112,5088.9726635422285,2.4343862502953857,35.907682018544925,11.93669387039908,83.65661061237522,100
89.8038391111995,5138.955438580276,1.4068317864450728,38.404366749132016,12.78417477834209,86.738367711225,20
98.65296582777721,5059.187679689362,2.2939279440688676,41.502751987257575,12.082687359745167,74.10105669304878,100
103.58771127897981,5093.392602032865,2.3098693923514344,37.053027183169675,11.840875106111405,84.71581573896525,100
107.51178526048014,5509.987212372914,1.044341554168748,44.81606788708542,13.412400764148405,76.60248603543299,20
100.37047390209888,5321.462945670466,2.046489623264705,43.67180903271367,10.42503923586174,78.95848242170334,20
108.14307772785646,5057.190677379507,1.765751943319842,35.2857400049851,12.64366706261709,84.06417226068069,3
93.09949270892554,5282.393174230245,1.6206173710323126,37.20288627045404,9.994623402245582,91.38131993936777,3
91.48308780322422,4690.2428289417385,2.675426165349503,33.14266826651515,10.99396574399903,86.8560338173503,20
99.72226150551691,5119.378114984042,1.6731604296812905,37.652225912355604,10.544811440852023,85.09115498568559,20
101.92032724469654,5542.791904919933,1.596811535440975,42.2991654297172,12.938331042542302,84.9023480526645,20
99.83652625952953,4934.586231382288,2.037847470002547,38.75831517317543,11.921507719685527,81.43185553397767,3
89.66278949980062,4745.709821414274,2.342794873149208,41.3823917308479,11.983796106488429,82.28008293313658,20
99.55439980243605,4804.3733334220815,1.9291757069949365,35.432997045154764,10.671920414724658,87.13688022735398,3
93.47765249747573,4673.110088797283,2.5831852728346263,42.39392576374571,11.640367804880533,78.07319740777753,3
103.3483627441502,4764.571427561689,2.265487830982045,38.33467231621495,11.083841636029065,87.9652702514151,3
101.83299123048424,4888.847570422991,0.9108943401342848,40.036509046848714,12.460146017825059,83.05746466440574,3
95.30060106836322,4578.329894246407,1.735266518246496,39.72137649582084,10.810690637602065,89.12778537434782,100
97.43066541331653,5004.685500184881,1.7190789503241506,36.18535443732315,13.595753238246091,89.80546728616042,20
94.70393239055524,5270.6831521359945,2.239680476714711,36.540747004780656,9.989303460451087,76.6345799374713,20
99.68660451363414,4727.673145955924,0.6875914718129441,42.90338340701028,11.032176201052126,82.09209618386392,100
104.77571160250619,5455.785177092531,3.2745048543588613,41.196976472505085,14.012640611959316,80.72236156029687,20
95.07136976832228,5153.237626558279,2.2655130474471052,43.15014712466028,11.47783350244556,75.93636017463429,3
102.52023257758923,5309.174175687217,2.0744384019588455,40.973974706507555,10.422145602714705,79.83733361895295,100
97.3487119081378,4802.6496338443585,2.5907838582095732,40.42897190442765,12.262885875045203,97.2062792263267,3
96.03563583868828,5256.3575681199845,3.171827026406312,34.8219681439997,11.429529309342549,88.0475494810622,100
99.46484820022721,4672.419829881406,2.435373322294202,39.18889990971649,10.996955693258034,94.58643984302877,3
94.82378838790314,5267.074250250953,2.47440654823581,39.91784703878877,10.68495502704154,89.14549220009168,20
97.23175347326409,5051.55180193806,2.065345012232191,45.85932159481772,15.322048326751132,81.29078419495762,20
94.01061053705575,5165.975365995435,1.929237123316526,42.06086989629603,11.698137719779037,83.09114401662978,20
109.82362566458195,4647.321618312544,1.7621022779975495,44.60818354512858,9.689319167600548,87.94218090120154,100
100.17631775985865,4731.479047317019,1.586944004142729,41.79261311768418,13.792451710806642,87.18753101736519,20
96.50137246003708,5179.168465476016,1.6564929501502514,37.86609031915156,12.733285086132685,82.11328992145833,100
101.0698995536711,4715.495598732739,1.3247220178285084,40.351372648449555,11.080240282776256,77.45003414710396,3
99.43835975154585,5138.961887629737,1.9620642746574883,40.7086709387927,10.88025709357663,101.4388059369437,20
98.89515200233389,4589.858658061927,1.1576662113868066,37.18253329068796,12.808167355389877,84.29425163828597,3
103.07083350021712,5254.452263800001,2.095458262071855,38.846837870221236,11.703698007012655,83.3713055340869,20
103.78753855023652,4630.243005569448,1.981834695978829,39.38269901896848,9.688826617865878,85.5666723195265,3
97.34749426194736,5165.689981303857,2.073467649193344,44.816859497695354,14.144687957525601,83.78635705344486,100
97.1209087967766,5187.6892800938,1.7389342149900038,33.75777842382706,11.479211445340852,85.61364453852742,20
98.62474151424178,4790.968454471127,3.5384301850902515,43.61745526214813,13.794686083778911,91.43473643058209,100
88.49039417632207,5174.607970125418,2.6800579500901565,37.18961429512185,13.534121949558859,84.37725760156788,100
92.42404468900725,5078.132679000067,1.3777287499576385,35.883762438191155,10.798788546620623,79.18644780336119,3
106.83437133722262,4838.347443142178,2.1164340437134492,43.539826390115394,13.239827837235778,84.19178102760695,20
108.22483856750642,4697.433594777138,1.695996928531338,42.19569420770314,11.218268940163583,82.67799109295045,100
98.75481980221811,4411.212292498226,1.492760136646293,43.76355610714357,9.75995929583527,92.11949468623426,3
102.88278481527882,5104.895014189908,1.3299639644380326,42.40210584263673,11.490482200773428,90.85559532368785,3
101.55625077271768,4530.559168591383,2.216108345379627,46.1795350052122,12.477165002131535,85.53762500215399,3
115.3944040422762,5028.603259832393,1.659309882465213,41.676171510833456,11.444716022404394,78.60632072590371,20
105.59787455717289,4920.965535175325,2.483913012012602,39.530567871630524,11.631541990889879,78.87053868280027,20
99.36041204259617,5203.742832631458,2.4968911072652196,41.02877913196403,13.372279253914336,85.07561630792277,3
95.22229779699788,4909.38635015304,2.6869571926057247,43.73040738503789,12.12779277634811,86.68161484660641,20
91.96776839871214,4901.165664095873,1.573806616962948,37.66187402421965,10.988042026458057,83.12688590336973,3
101.01731817933612,5219.561211286488,2.237682805346005,38.04433425240586,12.842436388400792,82.59915207896383,20
96.21824627357849,5100.517408725235,2.3162271083211503,39.07311995620628,12.237210680345093,82.03600383410676,20
92.88873145201163,5094.846787154834,1.7629109124480176,33.686251603704,8.97407423824555,84.88303019878028,3
96.76713557878736,5140.780276942558,1.6141140213035625,40.41423522525264,12.514023496525738,73.08618823963468,3
94.59225998192802,4539.328363037868,2.8047603328879864,34.341613888146924,12.470194449259322,79.49336685615145,20
108.43570817536282,5227.0366039960945,2.1137479378660267,40.15917793879786,12.024145355497032,81.86474577276324,3
104.40819878474726,5183.740638204081,2.317983875355869,42.59586926840575,13.07004069728349,91.0375159747596,3
99.96013679341691,4694.995061427051,1.5889619940860362,38.56937061806849,11.193127698808198,80.93093179035536,3
107.39972069445012,4926.77585789774,1.390357766738903,45.031347610560616,12.403799746585081,85.90234070915604,3
100.38684153823809,4988.2078137117105,1.7152751127539447,35.61849730174454,10.119648754599176,86.13271375465499,20
95.69357899335868,4959.65096467948,1.9379893063050015,43.573782044895495,12.488508460078599,91.48958252830381,100
107.61562038634828,5100.15798997056,1.4678899965913255,42.02541116922076,14.343671634647876,91.31288703482075,20
102.69455021842329,5429.410034549355,1.9950775956748086,34.85190025506793,10.806172377038951,84.71248515602542,3
94.81376922836772,5324.530018301849,1.15574740596575,48.1323828971216,11.08823744161467,82.62257629405279,3
99.04830660958196,4606.334241970578,1.439976288765064,39.808764143488105,11.147981468530137,81.68083448587154,20
95.62190873307621,5186.620997091814,2.3354556241384374,37.3675479335331,12.155997870961915,83.7946838876711,3
93.08600134517832,5398.6799958606225,2.301895260138947,35.77873841564795,10.724356472575538,82.829833228382,20
104.63088773765821,5116.042556206761,1.804061617306567,39.33994591702098,12.505496854429175,87.76813704679115,100
109.54708320235065,5327.29412755579,1.4911178454615235,39.61777938283012,13.016207934562999,87.10154908742602,3
93.00716213090429,5603.68113371023,1.4862982242369944,40.307936585619,12.641216656144541,87.95900595572508,100
102.81484618345286,5307.112863832094,1.813365877029343,39.10661153132812,9.877901489234313,91.29641855718084,100
96.74678715439086,5074.792578692519,2.3222592458226456,41.89967593034528,13.194201198190328,94.31434560700089,3
97.56437308117651,5313.526542225426,2.464122845672162,38.83711050201026,13.124840897104416,85.62331696703778,3
97.03803037880566,5043.466349929067,1.7517341322590154,34.19510764827859,12.996193646815565,90.49731885697827,20
95.68004615160092,5007.170912985486,1.423253787007608,39.55191551305108,12.44741069838699,83.24169908082892,20
100.24260813972414,4894.57572928588,2.1339218189331666,32.897567039880165,12.264227177046159,90.92503491791508,3
95.84524941794481,5469.024007649632,1.5882325146870753,41.06131189267417,13.238867277751677,90.30754578587923,20
101.3522841288992,4754.4714002174,1.7408736805693987,37.062099309152096,14.308216185124145,90.04207984971495,100
99.74880945275432,5459.710317403435,2.662638045218519,40.4900810647474,10.85635144396218,85.47034920595762,100
98.80525976566796,5149.9592371221115,2.413557714282884,43.94222494457381,13.293750474953725,81.65820918004556,3
95.462181689792,4580.208147559418,2.078987156125726,37.153753914196,11.896539482391058,78.02735781067261,20
97.11614334715834,5110.294787897426,1.3640404994436386,43.18376877553635,11.84439233756568,84.79981396239451,3
103.77695612912878,4369.9920477045125,2.1056982837353293,38.69983129994154,10.156163171541554,92.66506271124591,100
102.5045859381219,5187.652405049311,2.531328645393763,45.25958440619676,11.658252708581525,83.45077549317963,3
95.11222377600724,5265.569444896697,1.8121831671172322,38.90454216040536,10.803282050437902,88.92563292730027,3
100.49666152714613,4822.293213304384,2.6755570449933574,37.47852104347993,11.443374684592865,89.21975700259466,3
103.75693561685894,5037.064308786675,2.6463726447591034,42.06171535118587,10.68217633946622,83.58156889536414,3
91.65297359439315,5586.2472301250855,2.831866416071737,38.69263081112909,11.461309935224392,91.5817241875976,100
102.71680096189968,4848.275988721419,2.1526215632656767,37.475651457612976,11.512667571571916,70.45669627759749,3
96.68688120527077,4682.32772388302,2.2936958499030062,38.56648044788863,12.116105902126561,78.88624860630912,3
102.8529933429658,5444.49902073878,2.707093644165545,39.866180403451,10.062300165250402,80.42183851820771,20
96.18370421728741,5588.776157159238,2.2236969685344876,44.026540393734564,10.265378222705612,80.90142488566305,3
90.9755894966774,5001.108701554354,1.7493829461048938,34.197736763621265,12.434297124876633,86.68131475592948,20
91.86228781058419,5303.438910622507,1.7757285817360693,40.06924197685126,11.043074259515882,86.45018901526952,3
100.24042473330691,5402.442774659265,2.1192774768868694,41.87471078396213,13.289435748275917,86.96995286087504,20
101.2986125086074,4777.254730238485,1.3547192890268906,40.58034572497539,12.270323666418056,87.98040747066244,3
95.47841687447796,4854.408249389639,1.9283705423179036,43.9295955083006,12.72811458024769,80.24947715427176,20
103.19296229388686,5369.26235394642,2.5482735591151267,39.77696401072443,13.692830784505073,78.9091196659634,3
91.6923996886552,5505.504283612553,0.9043730744173595,39.44634567344217,11.628347025832113,86.98159841003931,3
99.66960100676341,5168.8642580523065,2.7672410508972574,41.77698864104003,11.31061595350047,81.8488396317678,20
93.94491900118771,4736.055693949384,2.5611871093515797,40.29794144485405,13.046043102718576,77.14762477316015,3
96.7408194609892,5596.118333509832,1.7701176920847619,38.82877378515859,12.611416276715623,89.85672142270741,3
100.23699335658208,4840.708730656411,2.271695413935905,41.54843211875914,11.775203628214438,91.9755095325115,3
95.69793317358024,4899.458665648564,2.0015738634531632,38.042415120350064,13.66974956034713,92.7858044484933,3
98.07722227885087,5102.701350346886,2.6149951842193415,38.16646854394202,11.745306828192083,85.9350386073736,100
105.0314640460722,5466.248126214432,2.4913415713849707,38.416017934703156,12.039328365066938,88.12966047986451,3
97.11554065238425,5256.192792965667,1.2999646384084955,44.059207480499225,12.02546718100111,91.84934111680955,100
104.1784605603257,5124.459650108573,2.2936312067320883,30.33695093204286,10.878487326121835,81.79292104988284,100
94.35146572671191,5138.986559035432,1.8971860731783763,41.18679650428883,12.09310246738367,90.55338842027047,3
102.64902088957642,5013.05440059304,2.04141628525905,40.102815442600665,13.67611221287819,86.37698117071605,20
107.2078431032895,5167.441854355552,1.6359140495150921,34.95738862228564,12.53396197845141,89.56855826171295,20
87.64177749936356,4241.1319766917095,2.8740685345604176,40.929180337408006,12.037276111678718,85.93046510437968,3
96.01552372264761,4911.017762279061,2.520030909951288,41.427255975494596,11.805879262601197,91.48128354874001,100
102.8853606359027,5072.396580475034,1.6301144180135163,41.7689176940722,12.397040434087621,86.11761881270769,20
98.98477306978504,4654.6957749141475,1.3326946965448836,32.04451581086515,12.899719954187022,77.58010470266291,3
101.85572936685655,5115.896995343468,1.807163684511076,44.09916823556331,12.731086597067703,92.2596331615736,3
96.9800740664209,4938.658633704164,2.217251323045653,37.78678988594548,11.601762165813625,80.26234629513944,100
100.4329489373645,5526.642709494647,2.1201029219731113,42.05970324025953,12.389737912932137,91.26529105121958,20
99.2216138230396,5471.905917564457,2.626566412384122,42.223221342046855,12.575927689377934,84.5487855927984,3
105.83891030829903,4860.258329264551,2.394959861090426,37.36990874314212,10.791366014967625,90.88005492598853,20
101.27210421650607,4954.748686529992,2.4847845128764536,41.98137985705465,12.201876649420432,90.67384307433383,3
101.68801331037601,4977.815730317482,2.1634277003052187,38.843520277262925,9.406435336437166,87.15071487157685,3
97.94061516938767,4864.502157152113,1.3053506348945048,33.78586846198553,12.579040451785422,87.54267658813565,3
97.56196887963753,5058.507495208438,1.9021507344265494,43.503225776583335,12.792411665475218,87.11314308596283,100
97.8372090609019,4772.515379333723,2.5300448699543328,37.67486511095128,12.89705535094375,74.9308762185946,100
101.97226071189148,4660.815399518742,1.974238535737677,37.43651961178584,11.525943777396519,85.59165109449101,100
97.89507759589868,5186.813367170081,2.2515451843118734,38.790802395889834,12.370856202028842,79.41967911964052,20
101.44887428448206,5188.858875266544,1.8406258423769335,40.816710175982166,13.708744614649401,85.85593571872832,100
110.37700399322719,4758.705272102003,1.4850940757290774,39.828188767533696,13.69652357794951,79.28528726808392,100
104.35562351715846,5268.60662922878,1.9383279679769447,41.644200774121515,11.964992760928126,79.07524029386963,20
98.3698823391608,4810.5266812504005,2.154523721516327,35.981531900414026,12.167183556875472,93.02467250876951,20
106.00606961081972,5075.949571411395,1.6721561402692782,37.7728408887078,13.33309337368132,90.34723694062095,20
97.95962313489224,5246.103203783737,1.8821443775716657,39.6520087830354,10.19903758168539,84.97928707527923,20
89.80937732411073,4989.916230588886,1.5302683790070086,45.69366187797612,11.61230910878757,85.92384325124512,100
94.95956844541298,5136.42227364234,2.559622458782048,39.658562384758724,13.602684546644108,83.76041987128495,100
90.64604039487072,4845.071106833729,1.852772121205983,43.2556667909849,13.17024065002172,87.84938187989762,20
98.24243257979346,4941.060024971571,2.7263777725630916,40.115665506352954,12.443116533179886,81.61972816725597,100
100.09209189594776,4938.242170735898,2.764373925270454,38.54902408768729,10.193001113603255,89.96870131433978,3
108.38218656137641,4776.026496037928,1.959477017639128,39.25982672765668,11.940107720350605,83.73456579492945,100
101.63463686882082,4946.9677510652655,1.4957756337263253,39.49474086391336,11.29210152450008,82.90076502084385,3
98.90449735595568,4535.414510340876,0.9570510611333314,41.810937216882216,12.397246683380656,85.10856509242421,20
104.14702790591744,4852.653875857369,1.2639814634866042,44.12383380272966,11.028783978246144,82.04426585037194,20
88.94432345496057,4914.537351989099,1.31308258755067,41.07904254305896,10.769131926030472,86.64341174748242,100
101.17807279054283,4923.146074251386,2.6892348137307525,43.56123303622527,9.522161666779631,82.313187053433,20
103.85432596943484,4927.550766238766,2.057912293613473,37.10563078711094,13.466165621972042,87.34261801409419,100
92.60706877110078,4981.470740041961,2.194802262045994,38.75610847355791,11.520275386268331,91.08003269455739,100
105.71877021603464,5143.832455425819,0.889789495532437,37.827092397377,12.188574940443042,81.40339156595913,100
101.69248203747208,5262.355122239756,1.401016785391369,40.943333772624555,11.997314260230983,84.34712271352414,100
97.923560430496,4805.07043194552,2.4435398882231434,38.92312484446176,10.719079280447401,87.30665356517711,3
103.16390933053142,4639.039743383257,2.143387056191293,42.18931881110259,10.489122106262169,82.82071322509296,3
111.35346428902199,4687.386676327069,1.9263973606572014,37.20699486510267,10.793621848803317,87.32160280413332,20
100.90933127529247,4853.839123641522,2.2824211793000613,40.129092919963846,11.132197873404728,87.7769943032587,3
101.24110293150169,4894.423604655048,2.8178989030679076,42.06057373303677,12.439927496416566,90.41630888147152,20
97.70319550229878,4769.001180140763,1.8894787682314746,33.804091674878165,11.045138803775266,81.97004976957544,20
95.75077815267605,4611.165000725032,2.034684901329035,46.364893921990614,14.095788757913546,80.28612379884763,100
104.15167908272123,4863.163751757744,2.0962984593656526,39.15054434536037,13.232581243071781,83.46211305218128,100
95.71958087045566,5054.427986034191,3.1960548176369965,33.924880258971484,12.97003145959885,80.16123830226451,100
100.35783118609696,5178.50883975067,0.9503218677904872,40.474281695730355,11.85640931703222,87.82249102023748,100
97.61171276617442,4832.773084067504,2.341611507394404,40.10033040391945,13.817136882864581,79.19124349911795,100
102.39489912873196,4876.10065335697,1.9425988756204682,39.75431686128252,11.73839324265465,96.66508209126344,100
101.66831052643474,4721.990507345807,2.28338586309209,42.97357333878,11.962486303014904,91.47963930786875,3
105.18769972128949,4990.568248887567,1.6713137230026378,42.242334914281166,12.203969447699123,85.06287884800157,20
97.44991800572626,4745.471409742756,1.9755174845707748,40.89362857307154,12.842187648652013,89.33697246498988,20
98.65062532353315,5171.93834397236,2.3557052897327475,41.350466901839944,12.764289694803583,76.81599067844604,100
95.10618142108846,4464.2400524197665,3.5564551005219203,39.68692465168574,11.429849665866476,97.61686665699779,3
97.77853369961944,4892.111098264261,2.4040180947010357,45.326472547720144,11.360407536688856,82.04892693899755,100
101.88650246522425,5090.332201757523,1.5759672009847456,35.5624119449267,12.767883548582502,84.3975129305032,3
103.78494308322676,5055.150354896751,1.7881201589886484,40.41895502264769,12.858283900669479,75.72033356405782,3
95.38917337911187,5807.910099194149,1.773292945808073,40.19507389356634,11.527978650212553,87.43143652370448,20
104.3480296005283,5104.940007370372,1.1021784136849924,42.43984121819378,10.095374316385856,79.46827921461445,20
106.77818929402476,4698.783620947397,1.8349549041492814,37.468438367725305,11.751220684790107,85.50827880783015,3
102.0671745161185,4971.360725873278,2.3664145409108723,34.76898219281039,12.74823095859103,82.2786278353773,20
109.38397906279033,4467.1260999600645,1.3628839404616024,40.47046904829458,14.166500215703737,79.61128032534828,3
96.13105400448214,4975.8200752109715,2.5242413255252965,40.84369147665581,10.562450445191205,80.97819249118692,3
93.77672648344291,4750.0831828997725,2.243887410542169,44.46879822834295,11.488114496603313,86.12894017042761,3
91.10639875547861,5274.617082668048,1.632883339014481,36.188913861024744,11.532715726169549,78.59254513565588,20
107.48022155744592,4835.1379176213395,1.9292351813310762,43.46408130015016,13.626966407317802,81.25594164488211,100
103.27182828177028,4964.970225261426,2.7991609038205167,47.102243092081366,11.95807019944964,88.31636690632239,20
99.72207664544773,4809.332647578679,2.366773906752933,38.86670533743257,10.911208128753282,98.01239937437157,100
101.3998431315991,5521.655405555999,2.0043918274490737,36.127173341520326,12.670434339506183,87.38794409776503,20
94.37255476350812,4903.6271701646265,1.881158341519508,38.779076900879886,11.514433775950865,80.41369178911356,20
112.22875989808414,5549.76711304376,2.03830453522583,40.04201490211414,10.530735271970455,83.16442914963845,100
100.64610590987614,5244.24552863548,1.7441182210288484,41.69136362502074,10.928672031268619,85.15794503076289,3
100.54697397302446,5144.620018200616,0.9476252471404927,38.225815810485855,14.080850345307143,83.25287524682146,100
103.62883311949346,5110.619944195256,3.0210889552673654,44.665595602442025,12.461051065979355,89.51529083368466,3
102.40504615868356,5118.139189464875,2.077662499599701,36.65640305497581,12.12931206654305,86.08736741507113,3
101.11942012139566,4421.698226196317,2.1990736325612685,34.7823845434816,11.700127517025544,89.53926192454935,20
96.04762772277344,4916.334981754773,1.9710461250615456,43.32013127286195,12.35057861054256,83.42778104851185,20
102.35734178567998,5253.547391355297,1.632441599637706,33.1761369063814,12.336283135202994,91.62750109860629,20
109.41012248237517,4985.330844957768,1.9070377595256147,39.38761069338185,12.350602593848791,84.16757207859227,20
106.7271002307749,4578.4430459589275,1.2003026189028443,49.35304338762414,12.137814108333304,80.14405065431004,20
107.96593313319698,4984.278664826759,3.138543249026652,39.96386934112021,13.04255800596666,95.88660190521111,100
97.44392161784407,5511.231654876648,1.382744000788802,36.63769704791125,12.027725215200878,75.87511126519442,100
95.0519758987071,5374.067514660416,1.4840168580764104,39.82780760863962,10.826473397336834,81.30630637347537,100
99.37106539950176,4981.398797190191,1.7798703978067998,39.8475976341414,11.265092530918958,81.86486074084803,100
100.27862456144348,5285.434783117426,2.6440378624261887,40.48194982105935,9.625177567812345,97.54153136528282,20
105.47095759235474,4890.047893889585,2.007254499631327,41.98678894647886,14.43218053925087,94.03429442073255,100
91.5376768514259,4488.838523951984,1.3819321019847688,36.88266649489678,13.035305510343225,92.46964071821098,100
107.64775159730307,4722.660203561134,2.6271691803786696,45.06264416571038,11.003915405844916,83.34670668811835,3
99.20996050710505,5468.866630552459,2.3655003133927406,40.73534285311786,11.66178618072348,97.13089001920888,20
97.8655946502629,4917.802075451209,2.269217478608226,42.18038213920541,11.23574823095228,86.84176001920486,100
94.93947812369916,4926.9848061874945,2.35786712058542,38.11555180073307,13.851056653648941,89.88631685151562,100
91.72571664067115,4910.048541117536,3.1971809502912256,43.8591464109866,10.296147402874885,85.89847690553104,100
104.11585291980957,5571.240976871902,3.092547447518056,39.22884277356081,12.137371270582536,84.75266714338375,20
100.36658983594202,5487.7876746086185,1.6566423284983522,40.8326575404806,11.869766588922182,83.74110663036811,100
93.55019550129472,5665.63407003444,2.8119424964055764,37.20068176843867,12.992206356850938,83.95180003290419,3
93.52460613968192,4952.286436879985,2.1915840948794503,37.00920512079362,11.875188926730367,88.0424582433904,20
98.32107650354936,5088.687346624129,2.2495479080688745,42.06461591935865,9.890149348013479,86.83599899387694,3
108.34510762644696,4545.007235173763,1.1538645841783357,38.66917950937784,11.698658598429072,84.84264314898158,20
98.70204324318198,5443.080327835482,1.914807117305902,37.43853073748687,10.83340533846801,92.54761996349427,100
92.48428523440947,4649.66613461962,1.5935882048317176,38.07044997391891,12.095495455867873,70.16623465629635,20
98.77128467957027,5065.032669128789,2.4140294074466544,42.096859215152264,13.721012443824392,87.54943623960598,20
98.63638215126164,4670.809241710147,2.5355402502014024,38.112886416389166,9.912689706921267,88.5886935332949,20
86.51556678529214,4823.339951978392,0.9627568244918443,39.64703520519351,11.039732717520115,90.73481434127585,3
99.72852566741093,4748.82127068509,1.9889825679978648,40.04508325086129,11.336768455459804,84.67564279473319,20
98.84532734895662,4817.637421797254,2.560930752397126,34.2479533419691,11.542042685504146,86.03960033691979,100
103.48103182406709,4838.263189055307,1.9066605188432775,35.58662078387945,12.888150796926293,89.9297419165736,20
109.24478047472672,4835.519361522477,2.364531822501182,41.008833667742685,11.791746698926335,92.4558320214009,20
105.63282514773879,5250.000173534092,2.175582733813542,37.788911916541906,12.498963270864534,83.49732007410616,100
98.65555654722584,4668.541162081244,2.170830115976313,43.17017473384126,11.249072347521869,86.3348789156378,100
94.46737045629165,5066.16242810416,1.8643425109658514,42.90042131275163,12.275909214501525,93.39286982174379,3
112.8667990162493,5365.387745691667,1.3917095979321452,42.15750599906631,12.933357157053258,74.37986462060574,100
100.29609217007244,4846.041090645981,1.4392349262874862,45.45931536193779,11.121240540315494,81.54993700092707,100
100.06964645956474,4784.624332775719,2.3546762572276587,39.75073201677045,12.937629743767818,92.32917989301481,100
99.87937456444999,4930.842612445925,2.0097291277594413,41.94664577771152,12.062847322473083,90.46268916804152,20
100.99042380383928,5353.917562508213,1.9307438776963877,38.246797070211905,13.254552288578703,87.61222605463347,3
99.27819794038028,5058.2322892860075,1.7880549788388238,47.35710973860617,11.758296119907632,82.7570156344544,100
97.13168996559882,4840.6357116177205,1.847405577259624,45.95090095730806,12.457493586194518,80.5909075050729,100
97.26570529379804,5145.162995356412,2.5234558972440695,40.035641303553376,11.951272521985764,82.04392190378813,100
99.83623364892001,4669.312355049073,1.8323779590659866,41.159758689715574,11.884545285551305,92.74004110409346,20
97.28287614433117,5204.407853132884,1.3294676433492156,44.07789279809442,12.310716513870828,81.85778655422327,20
96.43577108661418,5122.58219231053,2.3718258877700866,39.55858148555768,12.644168963069884,85.50711482119829,3
100.53215113845948,4907.657458658335,1.8975616680676415,38.03012778760088,10.500522105691195,81.23146177569127,3
98.72511391289572,4748.42426046583,2.0156979327663884,42.621969253020644,13.720360330581453,89.21387015049514,20
107.51996494291345,4733.995723314963,2.803789153199755,40.23531773825101,9.768404351340243,82.3063685982678,100
86.74515095803494,5160.445200903773,1.9897197213247464,40.54898334893578,11.178225468313325,84.51203054922793,100
105.45753425961232,5368.694150746718,2.144591836559363,37.4971859707961,11.88687711508212,76.58308933478587,3
106.23042596248814,4808.807675891361,1.4105382543508374,34.84698355490981,12.494827162903137,76.9331588189753,100
89.63304883795925,5137.516011065445,1.89016527382452,40.7084272296373,13.891407033289655,85.03836596660753,20
98.28656202959826,4373.891894419379,2.3047630226043005,42.7148861244826,9.77005021412987,78.37421422401118,3
98.14279567002104,4824.61468080284,1.2223131330793788,39.32257975277187,11.390767045932348,95.52543319667251,20
92.9624415264109,4990.68232013873,2.100422546557855,44.3092885586766,9.44779981464088,74.69238443943875,20
96.11091656204562,4727.09497490545,2.0503955363224033,37.88825102375337,12.037946368692298,80.99912350667948,100
94.44712077267086,4719.048087563121,2.0206437277937197,36.83588663510224,12.326020301400037,85.08350433633775,20
108.76135221711812,4799.666133059334,2.5185794493291214,39.798309078411606,13.908954890605504,83.17433531102108,20
104.6783919657373,5087.657818497912,2.167219257424261,39.75222227394613,12.144761713072144,79.4792727166804,100
106.3577754749708,4943.801294478088,2.739035949178222,42.30990619400567,13.252830155330855,80.21036080252367,20
103.60836032021618,4328.530630002509,1.503205242202982,37.67511152780804,12.700604497846872,80.04672961250381,100
94.35474114391386,4363.78995420948,2.067962283609174,44.10428271044469,11.477702163593799,83.56639152589969,20
97.37739866860113,4817.940446642848,2.042233393194974,45.90075088752476,10.309247103849552,94.75964544758712,100
102.4468728061396,5137.305975816065,1.4653727531224598,39.882567919094974,12.330002757950172,85.38968648279105,100
93.88936095554027,4175.748547182429,2.4781475010456733,43.74913126055296,10.209477579425563,90.91450244693762,3
103.56499215086194,4850.080947154511,3.1623366529264088,36.83050878812422,13.554248487203573,87.53488172914071,20
98.79837300920933,4842.125643044774,1.9914969627580845,43.22566462354575,11.805525477555811,90.5693119899111,20
98.12589596225202,5416.501333462535,2.2525105441368836,43.141829225678386,13.434212893813699,71.00017848703207,3
103.55479984101746,4884.4934564861405,2.042259237907664,42.59031184056963,11.423742679041121,83.47770989425885,100
102.2213165574302,5114.896695422279,1.643207665046412,39.95331073338912,12.32262094368119,91.53567711575357,100
98.1951691709046,5042.377142026239,1.089619861098992,31.13725317627391,12.251218628801627,82.14132088625333,3
105.79664901682123,4360.83005605784,1.6471132584523174,38.074818569043615,11.945947058386892,93.81236582434806,3
94.59468336200051,5230.462164989522,1.3040208095241343,38.12225194694619,11.48080858392409,92.41945076883881,100
103.07967803472133,5064.618951636887,2.852051039029559,37.065235185818565,12.470947222164623,82.65434641936268,100
102.96550628984193,5152.480591902377,1.9424451530383804,40.3667290136412,10.88860408382015,82.48418240476822,3
98.45226780343005,6177.871311930898,1.8270403354764146,38.74310966343629,10.548677605249129,79.93197078822766,20
101.63066511121059,4374.766118150424,2.444576912393903,37.526163970704935,13.491392271992193,81.85202884068102,100
93.74443211807349,5517.4089949283325,1.439124448572056,36.82359955525654,12.872601586670521,78.83705467915543,3
104.6201350960345,4913.765744179894,1.6165679809977238,37.853461043544314,12.079069930322689,87.14405590216502,20
99.07548931778506,5086.198671320903,2.0340361346243103,43.36449763554978,13.998170859052538,77.71976753326783,20
97.38638489740481,4986.346326409627,2.5143844957117403,38.01692483611752,11.678681377530186,88.01866508095111,20
105.24504612918444,4872.729099980587,2.250842522584394,38.45518388070018,13.587243863986775,88.14039348450125,20
96.4782815472862,4829.050121528372,2.124162571257941,38.62990715493026,12.210688901910986,76.69397797408038,3
92.9576935181822,5098.8526206719025,2.0390588676180084,41.01698054142826,10.770299099908332,92.74909303164169,100
92.21685413238048,4544.847890998496,2.2001179277633875,41.3687484655856,14.21764823012502,87.5680464720761,20
103.0300497567282,5225.173750256529,2.100826452564627,30.866030382270516,13.188853015948903,88.74849010722434,20
93.59785323751859,4875.141678534424,1.4850138626115321,43.064905641482824,11.854774762788523,81.20667399228614,3
108.77397090992183,4660.979198287892,2.023039610816576,44.30910410273126,12.872605511440739,88.1118955923656,20
89.59035296058138,4864.996142601256,1.4631556705411237,36.84944038791499,11.515555879202513,90.63196724861032,3
108.48228184145019,5377.144765058772,2.0405412714504116,37.083105265795496,12.99497884207145,84.50695800497661,3
101.05508733601309,4839.399473895133,1.7596760292558793,38.64923983666519,9.130705721659249,95.00961229624181,100
99.51643444064804,5107.536085462886,3.2696908113914307,37.73198794163019,10.776238399566488,85.22032317456468,20
97.27540456595526,4780.713117285358,1.980052808124144,40.67178062183982,13.175111693144355,90.70392900226237,100
101.99568057176036,5227.376554977086,1.2978802168692056,34.16042414092341,11.700413354137297,86.46504403629328,3
99.81182648787576,5205.6523216370615,1.9329098946615377,36.64621717588978,12.24905075386649,87.92760766428434,20
105.5165094100826,5554.582649988924,2.259679372818944,44.61759160052472,10.383857205461478,76.64333866182614,3
100.5711382433102,4947.330816350235,2.836681973076262,37.215340097955945,14.217440394842523,86.85526869107682,3
100.75150880730939,5200.596441427372,1.7052738000306409,43.730284834308776,13.428635572461213,81.32512449371367,3
98.18193893893073,5029.420261861684,1.20878601298818,41.06601458677041,11.759177737949605,80.76800847111156,20
99.71527188139466,5388.761534558905,2.4084185057154905,34.57219685623522,11.514364971764008,93.7205159223299,3
101.5390088444603,4784.350283717381,1.3097006470501744,41.90598758564862,13.235525233703632,83.93114875968826,3
91.44915803671687,5223.501593863184,1.7819222792462575,39.64699809342144,14.378964540202713,79.98349084512252,20
93.25907288947144,4941.590811164995,1.8711897572445029,38.63359883125078,13.144512306973624,83.20434185945562,100
103.71632047011357,4980.74354686745,1.965183273349946,40.734871279516014,14.606163200875923,78.49774885539043,3
100.85432719063971,5027.525745334512,2.344582228537168,41.42390045670037,10.893178405125699,92.16942234098136,100
99.0800833182366,5075.672118928003,1.6581828588568062,42.12277546592386,11.01673580340145,81.52159627916743,100
100.09216966532696,4965.131287063413,1.8631353739166197,43.534758542644006,10.573270658335982,87.64649966971835,100
101.73790852680835,5064.413954951158,1.9928648235253057,41.22440773833507,12.530112779579376,91.78053357105162,100
97.30120159845319,5473.435417268655,2.074798978759394,35.87309773364092,12.210724259765245,82.49923659392635,100
96.10847637298843,5295.634905684566,2.0489135873539612,38.57906362704642,11.817658651833616,87.66011216136393,100
100.9792262754884,5260.746377749069,2.21800288761129,48.82914500580586,12.971110353747958,79.84956972547785,20
95.10813611192484,4863.338142192839,2.421919754820869,42.173473181145184,13.478794326257598,97.22884784556842,20
102.04126377857236,4733.227751531503,2.196317057825484,47.10786190243449,10.16920510885579,89.6819006730831,100
91.48708197881079,5286.590167471326,2.2267927617546093,44.186302246597556,11.283633566518661,84.03696780619597,20
105.14577818662822,5262.814037758938,1.208888416626761,40.725406214667245,12.984172312947672,81.13583134555518,20
102.36298741206521,5441.801202725294,2.0251138495828402,40.904221209343355,11.438713579369702,84.43001723580187,100
101.28014867156938,4818.805812209232,2.239753774000804,39.89025988036946,11.042152708370216,83.3000813882424,100
104.91345491972757,4931.135403391896,2.364470597285225,34.7865861524605,13.222244913180473,94.76472276999753,3
108.32737222231289,4508.1547512423695,1.653824612883103,40.05414175740467,10.452599916331224,78.87232638892549,20
105.07185032509065,4882.258668181738,1.6704803625556774,43.63202365762659,11.638104230650674,85.67400711645102,100
90.79562884334177,5298.971153173834,1.7129496623582008,38.20108001553639,12.39437283096577,84.90830966683146,20
93.6021151663215,4860.05138623154,2.2682069499456716,41.23585899718543,11.311416103307858,84.41294849827565,20
96.8759071115216,5192.143938560247,2.516940527462104,42.55477313767959,12.93978678721581,84.45691672530829,20
100.13045525105417,4942.849068200657,1.7962699463541991,37.27095868206257,11.317347629763157,84.41964594939758,3
102.58829510234561,5097.217108466468,2.4539811568135246,38.646091406969006,13.690343392135103,89.3653303316605,100
96.37128093423267,4655.6925830553,2.0617399045822973,36.946265528568524,11.849104443005073,88.04492223246217,20
100.9338338223854,5025.56283489017,1.937857111418782,37.53350317993178,12.805524164046425,87.09455805686393,100
96.22308533823339,4102.659208729783,1.8943078850910156,36.13718414904082,12.895228743579379,69.83005318927366,20
96.94241098504025,4943.931152551405,2.3733056823010785,37.29865461586592,11.246951996707113,86.49897437081582,100
92.96669451575889,4510.858026885458,2.162788908393535,44.258367042393516,9.535816141612933,76.72180319914959,100
95.38383376944547,5361.798354964045,3.1379127138238188,37.25356891272912,12.432906905596601,88.23160081567913,100
93.24157697191833,5233.222205829354,1.5738876785013378,40.37937765718207,12.086746016549844,92.37248683785258,20
95.12063373511333,5140.001294589824,2.259050851014988,38.491393738987135,12.666991233090153,80.36880443705725,3
105.2682089830392,5456.301868147814,1.7353994950942435,43.536597811110816,11.728167033140595,83.69109638828647,100
95.25300555584029,4715.3250437525485,1.565356506505678,43.93348688981085,11.48348676143914,82.00322147473501,3
113.16191032418695,5524.208959374668,1.994566431482514,42.592209946416844,14.41016761317804,91.177158878784,100
102.46658950440445,5279.657469278115,2.068676239703518,40.91840365930827,10.233175126187067,85.47513942636037,3
100.92418061847437,4929.033413834316,3.4590867775300462,39.30682138947731,12.880740574037086,93.64164690283167,100
95.70821109909393,5340.686044154883,1.907927092158399,36.42437588742625,11.310477770179931,87.06877101473694,3
103.50154939704495,4668.11194627651,1.4349106352576584,45.830586643366594,11.597065658711493,86.2122509031791,100
97.12181086881112,4752.645751541698,2.136505358747193,37.72098094674234,11.619476600911241,85.34103391301419,100
100.6100490732268,4817.42308302809,0.9626799812268159,41.99093904109852,11.035878870994491,89.08996049628668,3
112.80042269134397,4841.306687580795,1.954021608697867,43.17869671787019,12.685469052283487,76.31156900877329,100
99.51970050137675,4683.032707171924,2.0080126411475803,38.33415850928401,13.668772315139949,85.42671977760254,20
105.74636663142837,5366.9249201285975,2.3973001914726058,43.11403758194788,12.564016393495994,84.64976778136018,100
96.48411787437057,4922.343679889051,2.4868111247139235,42.292639610016565,12.124058395454513,88.62709413578884,100
99.82505754751519,5105.751490507064,1.7482151905461412,45.183891506145294,10.816271401080904,84.06149197062982,20
108.85400317817755,4828.894590075895,1.9246929926850336,38.591960600719865,12.62019031898934,79.80632782918664,20
96.86516471106117,4453.819009835444,1.6169395846946646,36.14240794816085,14.587619558075158,85.03675337459849,20
109.06224278998465,5081.017207517427,1.435968722596153,38.48353073366647,11.54316645144589,79.58579735565829,3
103.53875967727738,4426.323507374067,2.1549473896903173,40.626560627603,11.548819704777761,75.37368893706257,20
97.18766612052866,4979.409786174359,1.3632072257017005,40.17463818125517,11.326693042822804,88.63561240742746,3
103.1620386952776,4589.505488350157,1.7926865497140685,38.81968631117635,11.412702918606696,87.89530786347335,20
104.86277224813365,5596.182799769243,1.5024130200503814,34.27240762306827,8.705640535593139,87.33545471996787,3
103.10904981108598,5273.408816652416,2.27484159314513,41.41144898838732,12.486042463026855,91.51464210972905,20
92.14887640054772,5031.7261373814445,2.900715049633244,45.9170334372466,10.985337388374464,81.67484054848038,20
96.36431412087566,5379.112003296401,1.3492060085983344,41.39275371436901,10.06768425744984,77.84442928614372,100
98.76240682224248,4746.1052067602795,1.0734907585512155,41.82740655716054,12.903827939679058,84.64985111595978,20
99.62783285449977,5163.043813601028,1.9375565573249662,41.7173359184653,10.701578657949677,83.26249850147045,100
103.10336048775339,5059.943130115614,2.0078488979788793,41.1911400096472,11.593597135339492,80.78852141614965,20
100.88850500466627,5079.206024400101,2.1093296533786488,42.79499790060429,13.759730869426296,84.60075423256102,20
93.32327820644949,5381.70605003203,1.7768397423828275,41.186121043556994,10.308941042370584,81.94197426897708,100
101.90098925502981,5219.747630833941,1.8996803505872841,39.06196849104017,10.160882118482686,75.81997358321584,100
103.05292872641911,5086.617098847507,2.183755205270301,37.612033269973736,12.323167427474806,82.7941165460312,3
102.7989522396552,4503.533769131511,2.5202154463224193,39.25307903415798,13.379384836812442,79.31812416648071,100
105.4039036277731,4711.986111416161,1.0224756148408587,40.942388489352,10.110789938721645,86.15824035805461,3
104.16961077274452,4963.187319921282,1.815530280484269,39.05175111663108,12.489227684204613,81.71982620879672,20
102.29590039614219,5028.011712282995,2.1069043969705317,40.94301604939429,12.69719944795403,90.55815737070526,100
99.64917144270676,4660.938882597823,1.541011947694632,41.317450401101254,9.529007419569215,93.01933033633932,100
91.69519533242004,5723.503002673527,2.8655848158836497,42.499538293810545,12.958201605488664,88.39690686505953,20
102.14809109566293,5454.918216576072,1.6822950598856314,43.84838490651694,13.051927055810616,77.2448690900834,20
101.03843843581555,5180.635496117745,1.9793536564963585,40.23402225543657,11.625857312092771,92.5259799943952,20
101.35789418597686,5021.611058385123,2.2780110484211455,36.07667030455702,13.50281563475761,92.87860225186883,20
93.61625712089845,4936.3373090296545,1.7043576055990528,38.96468770954243,13.363746689189814,85.0939525565397,100
94.59471729795868,4714.42446199333,1.0767134760977914,40.132187702219795,12.123741510860645,91.61463080167766,20
105.26576426666452,5023.244155555659,1.7856727365417333,34.492693731468734,11.45826553161008,82.2416243097666,20
99.80222423071673,5077.325762042825,2.5147202779635203,44.16599356030745,10.832606528900453,75.66877032575205,100
103.40750348686312,4627.471827355513,1.8315524366074307,40.4271337375314,11.95492378876057,81.19857780689203,3
100.1415918806523,5100.2529251734695,1.5767828492705107,41.14405850374085,12.683710703645016,93.64650433022378,100
100.14878069747873,4953.422285352575,2.4628361047513607,44.0965793875788,11.610987766751231,77.54460038194263,3
104.69141902988,4427.657732636782,1.8346125519884737,38.10957150957296,9.362998793685565,84.99760640965748,20
97.41977635891313,4741.88449676615,1.7449195931748913,41.72212579265209,13.522456673491885,85.17071946670106,100
100.48060388470492,4875.918339973507,2.0747280448316547,39.67040763069419,12.228267866213873,82.43512878016094,20
97.6886235564748,5566.306297202057,2.385375104809394,39.447739398952244,11.5444506039878,82.78239200081443,100
97.82751886283842,5166.965937360127,3.1908567658662728,37.683422836586864,13.028590066107945,85.36124567118101,3
98.4541393826568,4599.355529270033,2.4136180538287118,44.996809641059585,13.829566315779307,82.18918829032637,100
101.11066885816857,5145.810886825291,2.579919983194172,38.873499879773284,8.637706116614531,77.88970751416035,20
97.60625689168262,4535.80880331849,1.7470169005060723,42.0983927406871,12.521116379906486,86.07515971471727,100
106.2787806278676,5324.807316166122,1.4870659470152618,34.37497783758419,10.288020947027583,90.36683291222487,20
95.52696348890248,4858.6626044546365,2.0311656748095617,43.53996558906936,12.59893260815873,89.34786259326711,100
99.0656417791932,4971.909143378249,2.053584957629798,43.156633467871174,12.153512642849496,80.95132266305095,3
97.80134470862913,5397.738994262657,1.4607436293177014,40.29230233089191,12.76287183172866,78.74386042311163,100
107.23488942176867,4613.850929424725,1.9123527350479936,39.319172601586224,11.400902862606413,83.5790605892261,100
100.98277388255788,4580.864544466102,2.1996588008595657,41.2000000168407,9.752111865817017,92.83895754897831,100
105.15922269734317,4824.920202096198,2.18019669750904,46.86637198264087,11.459558170491999,88.22799039479773,100
92.57219813481514,5311.513655305795,2.252143926692136,34.71028990328954,12.48821716216774,88.51982338397117,3
101.33525132934629,4544.196177356947,2.1454823650687214,42.34608216272238,13.218470794410267,89.44928475892748,20
104.44815397811719,4150.353320566829,1.746495670364972,37.26514809353829,10.59380243943297,87.10383281259293,100
100.41141994637712,4864.6523424773,1.7430496866755785,39.940244811100804,13.232472512247622,85.6030427380679,100
105.32740187532676,5165.522239973277,1.400524301003062,39.25635964276401,11.222553252424174,88.31153448323984,100
97.41355774949814,5360.078524921649,2.8923875195925475,38.71504522660673,12.434939857913431,82.2691694789099,3
107.0467372009279,4861.05159137438,2.0067251823096464,39.968604612841816,11.38812725656124,77.9276849431684,20
111.49449061809625,4876.572017865199,1.887573472102574,36.59748656416663,12.218604753254523,88.61498467312161,20
98.18580719780171,5346.170220276725,1.5356039592737707,43.087541308383905,13.07025316148433,91.18869052874612,100
97.77248739299614,4439.077490091374,3.467828951163889,34.6175694664042,10.527583107253758,79.40884030321985,100
107.2669223855885,4883.443767445097,1.4633359838885522,41.619293538485024,11.184112923903802,89.1096074120795,20
107.89786072865357,5057.127166977517,1.7855760371969633,39.020392442396286,12.221955104810505,93.40382856694094,100
97.38569986423366,5134.76561638551,2.2079184181430302,36.487225318577636,14.881900393236423,84.9887689912144,100
97.89906591452072,4847.057992042735,2.3001064828721387,40.60715011179609,10.964172345399806,80.90998907629127,100
98.59107695569746,5010.332303511753,2.478966027607842,35.329146739880564,14.448160663196303,85.61509336763378,3
93.27774744482862,4253.501793976103,2.9038042538846316,40.119141465158904,14.405307964410206,82.24733015899649,3
95.40674026757901,4802.525476299846,2.253078827730356,35.73136927656534,11.88322661915809,81.916349450218,20
94.97929616623966,5136.05261376634,1.471984600016666,41.383816252953494,11.64221696856012,87.16592033635771,3
96.16101217447935,4705.311789723596,1.8715274374391093,37.226927999108874,11.16952176160237,76.98135262485053,3
99.8265755630661,5017.69526647688,2.1539161862569425,38.64701794891207,11.918156963600797,77.78035538753886,20
101.1710736626826,5134.0617502408095,3.034113020752912,40.88184816382949,10.31193668092853,85.09645440186972,3
107.75250246407039,4897.23523974267,1.3010972607878515,37.68237366447329,11.908513179215284,84.88845730543784,20
95.00822979630604,5051.139131298971,2.6012882526126138,39.82610800099509,13.796256328621027,86.71777288519968,100
104.92161199238292,4711.180230414617,2.0899571847732084,35.45850849626544,11.26669792502794,94.37612694241695,20
98.93005577887246,4938.016616091186,2.4189152676147403,41.892626810788464,11.711130835213138,85.5225701803791,20
99.75268145173783,5183.064850876767,1.949002641682034,45.294741416652315,9.95863143087931,87.99086075167398,20
103.37409746083301,5047.09188829053,1.5787836849368369,48.37662660372988,12.448874505757253,80.12233532192684,100
94.3863898921885,4824.040619130819,2.375436389700666,40.273504439999314,12.317378021941648,88.83968831758268,100
101.91204873092025,5067.2649212872375,2.3272155135528108,42.36461242239156,12.076442831718925,82.3680456744466,100
100.83226104106528,5214.382937190985,2.486028482869861,34.65812298127753,11.739807539733428,85.35710416290547,20
102.46225632004075,4385.017616426757,1.9933476823106824,44.50820297891676,11.648690497473055,84.45575687465418,20
101.44584321953909,5347.722219486769,1.7000889883400754,42.32868551417232,12.602280280440807,90.16487117457015,20
112.27650069955448,4899.123578395678,1.2206065024880792,38.5481996651463,11.965420078093652,78.45011722812501,20
96.81130007874341,5127.646979972069,2.409686634069703,43.711542400867025,12.377966245866398,73.5838068269248,20
97.34501522499092,5359.1740770935685,2.211944741221993,39.236571770063975,12.257979380945457,83.93283651456038,20
96.88429736787617,4588.49789083086,1.5171086835680203,38.62592445095633,13.348112744514914,87.34265628452562,20
97.22261440419872,4787.167699271736,1.730713163351688,41.426004776282475,12.812392916850065,85.7613468790375,3
96.81306436346742,4913.435391237289,1.7666205940242796,36.809936500509046,12.231434211780229,91.16102118706955,100
105.94508265553776,4764.873943662671,1.258507784008791,43.06487429319984,13.822106436782615,87.18686337089834,3
107.10252123994927,5520.480972751043,1.5911588016974332,36.83203056421947,12.504322234867875,82.1807583407007,100
97.14626853125262,4742.968371851962,1.433084821596823,36.84983563053044,13.565955226548503,73.3728992293016,20
95.83822213447885,4833.33596615394,1.7937604940560317,37.270930634775,12.728331130063966,83.81343882902391,3
102.35707778193202,5061.316709480893,1.6306512508352187,42.278500112548365,9.789697105282148,90.139795011289,20
97.23888477859515,4639.355142177174,1.1864975395666257,38.14967391544088,13.565801715983195,83.03976108666443,3
103.16465908877755,4881.295786473121,3.0112951152847405,35.95601264689849,12.162211489611202,85.14160131838882,3
101.01461510425649,5095.235978375053,2.6262703655146153,38.18296000019261,11.937654274919067,87.10680127153354,20
92.42127942501384,4900.141878685246,1.6104902892400073,39.90387288795854,12.337618016987493,79.92353812875092,3
107.73752600665031,4971.983942330015,2.136210698326805,36.45708254900684,11.586020205651518,88.11617948319409,3
108.9793883654776,4841.200366265489,2.2087325449106476,36.54495667289697,12.272434632466734,93.18560895000853,100
96.93605654757806,4545.65890724577,2.5955429273867385,46.333889002298754,11.289748720388289,84.13593324053296,20
98.06149220032007,5096.477963401771,1.5906974866699608,37.41830378855834,13.529126710481243,79.35467789083849,20
101.42932695362452,5526.479921494172,2.546053391991213,39.03087289368098,11.86369426365474,84.66699486489013,3
101.67228394993512,5005.520489235031,1.7260473478965324,38.898288997602144,11.540899388733079,73.87807945695566,20
103.29272136336415,5067.579235174265,1.3320687979156933,38.735929576688676,10.890089021136871,86.68451631988307,100
110.05102269383175,5207.816826535058,2.3620682796572487,41.86404021990731,12.32253094697837,87.26137188824289,100
99.11526386252976,4619.20085103599,2.645379212061214,42.84442885141615,12.22452852015011,93.37818146922781,20
96.00851377730773,5510.754397438882,3.293954486765342,39.082136705405226,12.466109536413008,84.03002603716688,20
93.10340385992737,5060.69863892684,1.4001373674548931,36.29056514022295,10.767297734993846,87.04242669073236,100
96.3453498002904,5489.557069726733,2.3494598425403943,43.82332068354671,10.078582561426114,80.69355948807049,20
99.83436513563102,4780.090101342803,1.7950993781032334,39.71397672640995,12.750709563007872,83.21786439737461,3
108.97278931758893,5545.418576767347,2.3916793552620157,45.1909654445715,13.78157023425181,77.37407281668901,20
97.41194350481915,5232.546648210435,1.2647552243843747,33.26324230730451,10.768375653132125,84.02605189358383,3
101.11893975819449,5165.912025755708,1.368615112150718,40.586209663849964,13.907329540274038,83.47345423240718,100
99.91788551963624,5070.207336305944,1.612062588416758,45.75581900162862,12.340693270483657,86.49599883044448,20
105.94196636724043,4925.4414145776655,2.0394820228340422,38.94020759368553,11.991524514539003,81.8820155983368,100
112.63466212936811,5360.159497542162,1.6794593667308222,39.32351972999609,11.522941564145066,85.41672675487546,20
97.3456561353984,5042.107960954414,2.32952717195671,40.88653507477102,10.338578376690004,83.33309972196167,3
97.5528027874089,4409.879088923854,2.5134473091289573,38.32361254334513,13.18527421910952,83.34250305850243,20
105.22080438534536,4664.844061487899,2.299788770622678,39.0637842038418,11.069272366274877,85.40181162981516,100
103.40945744813156,4944.246274342176,2.809393819830434,38.98655471742579,11.06423198911488,85.20261471158506,3
109.23353662868017,5092.999694949666,2.2079133147276715,38.11773779672088,13.190311571864346,88.8058701952582,20
102.91964092662982,4983.023453330031,1.3915516448299163,43.686569650601676,9.740419863993928,84.39678482935082,100
98.2035395460647,5365.691236938099,2.6816882567691698,41.3832340968893,10.1716826271982,83.25057325438499,100
102.95327415346155,4414.669440788412,1.6974218821970013,40.75188469630991,11.978238907790303,84.09596277456387,20
105.54351790291454,5043.076380951548,2.455209249842785,42.42571302067035,12.351941314805822,81.42667941579504,100
104.10241090598682,4454.606232383853,2.786867108277553,39.2069325003896,12.581681577562708,83.20044453216664,3
102.53637015553649,5227.913688645251,2.2283440053651997,37.6773885449413,11.637841807924497,95.15579356536615,20
105.33337344794577,4971.6623856674,1.2519205934176751,38.192127086156326,15.036443602370028,80.43660619652067,3
105.84647795222837,5125.882991607235,1.5408939167451043,40.00534912331383,11.726528929480999,83.60671833060346,100
106.91079495518764,4740.83511182307,2.6613722334425676,36.822364874881295,11.723056617476733,83.06255668365155,100
103.24354943794822,5383.839479497326,1.9154386571785917,38.499216950239976,11.043615997423347,83.764141938778,100
99.16440959841573,5312.517399217655,2.039786767471083,38.4516500743857,12.148688179825285,83.34380345560803,3
100.73356843216662,5175.063290903567,2.3794122080818045,46.37366868948704,12.737953478456129,86.396200506105,100
106.03254483254179,4961.144825940968,2.348161431040162,31.678555180198252,13.444293665440153,76.44912449304103,20
95.91532164506381,5173.95718558854,2.1393999061927302,39.4611408357831,10.212858882671739,90.18585736266002,20
101.8433665443645,4787.932229603795,1.8956658143897671,45.17708137844431,11.704805593973159,88.16291399821098,100
98.0333059383632,5256.666697706213,1.8436657771338214,40.36553339239736,12.536044332970974,78.78564206968433,20
100.14372411467409,5494.844268297176,2.4289494126456717,42.26025242026328,12.704469041513443,73.654613635238,3
106.39225931303649,5321.183167993756,2.276784765533897,40.299478945299306,12.007858389365447,80.114639269293,3
100.95549534009952,4781.1192590577775,1.8713499996911052,37.99799985635056,12.650908763438522,83.78666769286438,100
100.23218274078074,5108.425195181931,2.5410561564965706,33.27425219647326,11.02924332848904,97.90145949345387,20
93.2007192951004,4612.057536872406,1.935482942435108,40.61636706110891,13.869486518782027,87.71628482487137,20
103.7312678301361,5171.717093352703,1.5741689128328034,37.67318018619282,13.191153723575315,75.96205175409271,100
103.22742090570537,5135.181023858761,1.6205146505483277,37.59899378150409,10.386086655521794,81.55172247549528,3
110.8162736165273,4439.05509814035,1.510629581845117,38.503038232062664,10.709876342259893,84.73393781863508,100
98.461108825235,4651.464846826291,1.8637949916981564,45.234584219870484,10.743693899871712,86.26841777149049,20
101.0957516383197,4915.05833097687,2.6168621391680964,47.214512626761916,12.813563965075835,78.42625569844789,20
101.24691841855378,4909.742075857752,1.5974524094847455,40.6516238125852,10.45832668029904,84.32504886011469,100
107.88726639881737,4637.156919374358,2.0942378805090516,38.605698328264815,11.602770798950303,81.4118043119473,3
99.52352233806523,5116.693618805655,1.6716553271862935,36.468320747646366,12.54564527570013,79.48120718698841,3
101.39510762885169,5075.442082682153,1.8698454793642811,41.405620484638206,11.920600878544278,86.29797823349477,100
103.0394825485827,4941.719260406444,1.244979394007374,45.34871680019543,12.310665018855246,88.8693858672141,20
100.9330456157818,4773.262549952491,1.8897308854217314,39.25797883892453,10.72103674638149,89.2052063848081,3
97.76783192724736,5314.612137924969,1.903147310097519,32.86301187774033,12.713825248076693,87.87193175566938,100
100.97044996449154,5496.6221339264885,2.2701439720178476,42.01014901544657,11.264145729028805,82.51315233429868,20
105.36815874929886,4854.931554846039,2.1116404566276854,42.95619913435015,11.61045639072247,88.57274880731752,3
94.8674235029447,4816.349924853554,1.4008039375239774,35.242463078842455,12.285278073487182,86.54527219052144,3
100.66484837073438,5147.362299623599,2.5420991220217712,40.52945255098886,12.123693865837017,85.66970941476006,100
96.49939592530413,4892.591186075904,2.1051515201109976,41.3536780484083,12.028776022818711,81.941534391491,20
105.97523314462421,4958.18083980103,2.0991967585887434,39.78067809397319,11.099247813627894,82.51561936329236,3
92.38406547608113,5221.895945517402,1.9954088233074305,37.62768724274394,11.64054070656097,85.36943468062277,100
97.20539076364206,4427.193173747812,1.7411212763888901,43.04781167069067,12.002620309004444,97.1993723349275,3
101.8860593753226,5395.490697455801,2.108901169874363,38.78986076209395,10.349897720199499,86.50621240045695,20
107.8276201461717,5021.804157298802,2.237794217964291,35.5444415119002,11.444960440423946,81.94405748874857,3
99.67124869463507,4876.552056631346,1.1265521543272226,33.851576542990955,12.465215854839416,80.83805277515279,20
97.22400236653401,4973.229753733565,1.7306195813269523,43.78254855999793,10.467076075385588,82.54116693671898,3
109.40578534720295,4988.728806506156,1.8725265147982053,41.849991929413356,13.387897981913088,95.88646723774532,3
92.75993049791877,4480.639608966522,2.128085302847139,40.26392064138751,13.523535915119812,83.00371677027019,100
89.00597021689958,5448.481468235971,2.596655502963563,38.67917608944759,10.505819308847897,89.53435267305143,3
102.20007225026666,5012.3976896811855,1.6141295927016088,38.41300475739062,13.629143559660168,83.12035877264321,20
97.48972887823695,5132.900639134213,1.751019076591079,36.77279005467517,11.827702093545438,86.30592270639815,100
94.89383591434644,5285.464931172213,1.743732944676725,38.705633066320345,12.502217470988466,88.9587263700436,20
103.54178223649677,4693.65126273191,1.5992362049477293,33.639738354639476,11.404018737446105,82.14048575095038,20
101.219003568856,5142.041569710568,1.8264067524438687,37.791809039594455,13.107653792672114,81.79444172923615,100
97.17960684631636,4919.707672730362,2.3854011099939854,39.06718745094672,12.487312822618401,93.29434847227665,20
93.59847800664552,5254.031232564948,1.4730822523178273,41.829640141571254,11.023016092082877,89.92296447447899,3
104.36228664140073,4361.831773894552,2.2139071975764515,39.880220609879906,10.601757600041655,88.95336159345364,100
103.2510058897933,4970.27170992762,1.1490488849908322,42.38476934162668,10.247637077748934,88.93638146561457,3
99.50412068110309,4819.153803264811,1.719331001778897,44.047405315340285,12.225530131719308,87.29787744155533,3
109.23318498023833,5129.678885190247,1.835255349891007,43.17451028147231,12.686965694135683,95.08887906587532,20
94.64957616836924,5141.013256210461,2.8374298364570323,41.41152954213567,12.78115881453533,85.21954150938578,20
92.37237414537631,4787.7122315533925,1.862598847623656,40.035588037542354,11.858422686471148,87.8863118360046,3
96.54045965059377,4786.347840747187,0.8993782632745408,37.05763597475932,10.611604253202763,77.74543535702993,100
99.77206991822251,4966.800389432801,1.000555546569375,42.21983215413795,11.181510242371461,80.8751965670438,3
101.21669724661346,4731.007331805437,2.0170147931733404,45.03924214666459,13.38281836675431,78.99590500082479,3
98.79381971071835,5252.595108635638,2.3068854278949544,41.02631811895125,11.418445722479902,91.37031791758075,20
101.76027698257148,4889.237839865767,2.187727928813626,45.75177744527837,12.17210115681777,72.23729923989625,20
93.74230287904778,4127.903534203508,2.0837850529004953,35.42328487581675,10.709219419710134,82.98844988623638,3
107.2188230203663,4887.553383013458,2.5811297987528334,36.537509845661376,12.403899654550841,70.03146698669688,3
99.58924410803715,4688.436853746808,1.7302043896314343,42.56560452324479,11.450778525985106,80.84356052259055,20
105.58647915794064,4510.617255361716,2.4474552780134124,40.79287063045975,13.256055256530917,82.54525525134066,3
101.71362673188852,4628.7720085332285,1.1839925574867913,43.941346529715425,12.928269247448176,91.92435546897022,20
102.28376609576893,5032.822541549891,1.547526083530967,39.95358507781978,11.40515286411012,86.98313969610729,3
102.84883640116102,5398.59224847447,1.096479302534092,37.396073732415005,11.848003167182805,80.83429238335516,100
102.23854280008658,5093.955342159494,1.862577349665104,39.35922027338487,11.338660511951245,90.32981859865913,100
103.21361379933772,4818.048983535278,1.9768693913668287,35.401948087228796,10.296680164145988,85.08916127264878,3
106.64576265066216,5136.771258551211,2.05705074611326,36.6142279807089,10.97106908454334,85.18783429353626,20
100.98260584850735,4862.272906934302,2.0309416764435677,42.91733199375403,12.237860793264984,78.98664246114004,3
103.54501878794257,4791.6198892510565,1.536223334594136,42.61836224340883,12.390311397875498,80.0499314304843,3
99.55132152856386,4653.691199530104,1.9048795777933922,41.08901285441823,12.178257484311168,80.87451350027237,20
107.20058607724737,4474.451357974484,1.2512766656971257,34.836767437118596,11.637920335249637,85.23230636577095,3
96.61803848970365,4883.0228880321665,2.681614487566125,38.924789273461336,13.119679926865182,85.38942863490337,20
109.00470216455408,5047.41604697604,1.8481869635509995,36.32500033401985,12.076250285473124,92.72046331762023,3
99.79921024677829,4971.012898995533,1.7555569404781544,43.52959976136329,12.843904593715136,86.92527583968918,20
92.84612448940976,4875.209921615792,2.7944701642220413,38.2488335993122,9.871469841356978,71.46217153163946,3
100.64052207455394,4716.276181790966,1.3788767332253853,36.74275686765535,7.293119698057989,86.31320993935846,100
96.59474171262559,5182.473857505491,1.4372064429840155,40.089388495364275,12.340545633405696,77.74991821916234,20
104.20321774494361,4604.860424016025,1.4518898375657174,38.07953662949616,10.290281215534213,80.17014537694232,100
96.73688010348805,5232.808374153043,1.966064309150259,44.45123173061112,11.745057956744333,80.93915264136835,20
97.7690828339261,4699.334894321983,2.2158158148187987,37.79556730739743,11.637483550770472,81.6833083824385,20
90.55229634527234,4774.269428794089,2.3698377340589167,35.80231522232611,13.904880722898644,78.12425303979849,20
97.73846840375461,4559.964442815297,3.285997658747484,33.54125945272745,12.479995863532327,86.01741001726144,20
87.88060336685521,4849.579355934309,0.8752837728996181,39.907640492759754,12.199030832158407,77.9459885745452,3
92.08048588257138,5292.593737543393,2.3043677945622085,38.31420965842622,13.004389385560408,86.78333803624923,3
103.80207328072149,5154.688426533187,1.7214347137138843,35.71328618046482,12.442197104206846,96.18485538530814,20
103.92900079325416,5293.5266336084105,1.7067924255556133,43.567679383767356,11.450787608413881,78.35320470532969,3
102.12728780892482,5156.642763780181,1.6901139358730612,42.001735442287725,13.285771116305472,83.5774484783039,20
95.16511928435393,4668.899051440889,1.5456151645960134,39.91534636318831,10.66829984653407,72.38271318743764,20
99.7614432192901,4900.763232701733,2.842262417301726,44.0929787325126,12.387896625040275,83.49532353514934,100
99.98198730454716,4765.940261264761,2.4211486635069512,41.98760810019584,10.142916247036426,88.21358576315743,20
94.20817655403728,5399.172471211712,2.0115979892786875,37.5314322954447,12.244732629019193,88.60319615678634,20
107.51699150883576,4640.963406072106,2.6755078762435,36.8823395080277,12.231587570127516,85.38681865142048,3
104.38681145287836,5268.109306816733,1.2437355173505622,42.45394463336159,14.011745954297595,89.44631712379488,20
98.89517913085169,5267.886161032631,1.334647434334537,41.189100869402054,10.122031327869864,97.73027267971396,20
100.13442919497265,5548.886060514826,0.9110161339026561,40.50924330391199,11.278935388975425,93.561523437188,100
101.04191403973776,4877.094022211151,1.6502927299383563,37.460506591393276,12.987218911888972,82.38739535295181,3
89.79132565787855,5213.696647874049,2.0808492633523765,41.82384270101726,12.40238070767677,77.7444800676663,3
98.76411308739702,5684.495550961653,2.051429288966167,37.733503350598156,12.216366061605004,82.96924291713098,100
96.59007876001101,4814.707496919891,2.0746709555299403,39.694040036218965,10.852637156449752,80.26508617191325,20
94.99189995052542,4539.487925740292,1.294471584466959,44.34083243916094,11.291017982290285,87.25673773932316,100
98.59449853557022,4435.99698982767,2.401577371307011,38.017497292569566,13.494049209867908,79.09403230285251,3
108.98843263424762,5213.813608658399,2.119813759119499,35.28103222878141,11.938188967495286,84.63588783704829,100
103.20421430633505,4435.054937582425,2.366527140732999,36.84235842438967,12.450431635373368,89.19007027268155,3
97.14410505108602,4888.304284118623,1.053618911204974,42.98289648006287,11.861774005468225,84.49652063591411,100
102.86291390678079,5131.193956111688,2.155745429398895,40.76419341214063,10.580297381700282,80.26843088626102,20
106.99677718293,5055.552661048974,1.4061173800412365,39.61336786393374,13.120572511289996,90.87407028792846,20
104.62316841456385,5127.633459255252,1.8013383737243192,38.47271858406529,12.603878861438995,75.60509527623087,3
100.29815184960087,5066.686956740256,2.2671824493181916,41.45607972265957,14.766764204840626,83.36102472061269,100
96.76531611147213,5383.659743994018,2.0455468031279564,37.45268544702933,10.781302344419347,84.79169988309333,3
103.49111656806795,4714.305085778361,1.5742300101103406,40.91699670592779,12.987087505440577,85.07954329199815,20
101.96742692710875,4796.901458462441,2.0031365780922092,37.80623629356113,10.426147240755599,85.9024802803904,3
104.47596610013866,4768.202166418753,1.2342323423781785,37.30702184417484,12.188815881207693,88.05219909904747,20
103.17585900840984,5249.057543558783,2.575133697949148,38.087537695524965,13.171807906875797,84.82296280477324,3
105.24776357659667,5270.119576518519,1.8973579902518745,38.873777660548114,9.513437860684215,83.15970858928159,100
97.32382394219717,5135.367595795553,2.559274972127663,39.85351049219889,11.75408103091007,82.96205327670152,20
106.58697032817163,5355.048100066979,1.7367341564519785,40.706367385333344,11.324148319148856,81.94242098980823,3
100.987998023462,4646.587739787085,1.7382120057967085,28.934904125714667,11.157651242045853,88.93771662163432,20
110.37630436312632,5500.167233465341,1.6179066066810768,37.57704832675971,12.462255182711225,81.76735760261742,100
96.55406090955216,5456.971586513678,2.4380869658465376,38.82529006793188,13.344822847707114,89.23385554504122,20
108.67981901582624,5220.686599173724,1.645284421335762,44.51518611582499,11.840065541725014,85.09499541129935,100
100.98955391731324,5534.539672631318,2.322297716207588,36.7599921748536,12.246583713072024,82.39372596571936,20
96.74290998192775,4503.013037696668,1.808773801165355,40.48838985429974,12.137170503671097,88.09203607872067,100
97.58057082972839,4842.665559121205,1.0120183500541902,44.485090929207516,12.002164207627697,81.3627303763844,20
98.3982634590284,4779.408961795414,1.714842966106767,36.061094410158184,10.692788834745473,88.19092020364107,100
102.12082973200958,5216.443797127203,1.410445892818576,41.181925677593206,13.330133522067472,86.06363060595892,3
102.6141774401775,4684.957778119357,2.0169513618411687,37.593184498196436,12.354234441790604,82.0183765545404,3
97.13149998030711,5227.248544801246,1.404796132162755,38.4860987731323,12.473857788003093,87.64317407667279,20
99.87822703869509,5411.160843199014,2.462987550357308,37.59066749814006,11.032188445169302,87.7329486284432,100
110.71135179305932,5208.5608700252,1.9544620698234865,37.804428074752344,11.448935522412912,90.78759802904979,3
108.63771585050355,5085.12530709845,1.9112020026206304,48.16573644371948,11.788638962747067,89.83073506204649,20
102.18161834837016,4703.637997729776,2.3279460688937914,42.533367616214996,10.15905036786138,87.45637010363141,3
100.190017390841,4745.944710162391,2.4819534670379313,43.30521358535863,9.974358809762787,79.36204524395619,100
100.60015663359131,5374.885671589,1.989950624115174,41.47598046050949,11.279102483233718,97.24293494087028,20
103.06758986365209,5233.8047011716,1.6143998502253547,35.18122963479413,12.627024919730868,77.98191894464095,100
94.88603717400797,4988.294144186737,1.1130151919439353,41.18487391096992,11.216235132084071,89.74631587141154,100
98.71311731288327,4874.627136270233,1.65697512148241,43.21878884352204,10.777433762891144,87.15641908443149,100
91.65707963061206,4392.257638066587,1.6913938766760193,37.43980157788267,11.022377216114796,79.12928813759443,3
101.99611561302639,4678.7442743946685,2.0535287264961486,42.89598000148338,11.453589092225625,84.3784953056075,20
103.2359796985137,5573.425726141917,1.8274265594309864,42.11300862956224,11.575369244615876,84.6062355687768,100
97.58406768850313,4615.86332869926,2.343966486025714,45.55612013444101,14.598625742647869,91.52791357905262,3
107.86993381645016,5056.843946366324,1.6935083643646553,38.74665096245914,13.265544754184782,81.43344549859894,100
93.8711716849883,5302.2331919585595,1.9714794165735292,36.70716705317282,13.229728934738073,83.69027496787822,3
92.6781255989509,4623.523199599313,2.5919937215984445,38.91511567188236,13.402296437128058,73.31965197489369,20
101.12225909279987,5055.413142434325,2.1709126069774833,44.30671297949087,10.80141495679914,93.67381396561788,20
105.23549151306077,5281.374661253197,1.9699812291557177,34.51478235747411,10.533162462015312,79.64765878489965,20
108.41963845728934,5003.749796572175,1.6990277790324115,33.794872853706906,10.671755650159131,86.63455432119588,20
97.7055786856553,5860.52091670003,1.6833843016425114,40.26818583679484,13.601407360005405,84.49296085139068,100
105.39340416715648,4499.420222336541,1.574693373524026,38.67223212167753,11.343369853341011,84.5099951660833,3
99.80745765249647,5317.618558965164,1.7294965671085503,40.02318367952705,10.498372581312855,89.04930992435438,20
99.1368635002959,4948.159478781061,2.3778329193721572,42.835935313707594,11.482804559736225,93.35631230151817,100
104.41829968743336,5231.576046451002,1.8890558643538657,38.34229196164344,11.713673361942448,86.25746834970995,20
103.2616143920671,5132.392145509773,1.3251134653093843,34.38098250720814,12.322095928433475,88.27539008815263,20
92.11803921507875,4780.053140867001,2.8840846465298915,46.13344467159983,12.301141224854451,86.64445768363521,20
107.38270174862947,5068.698917737802,2.1599825955725813,37.008315137683674,11.00618332335179,90.08765711965313,3
106.90045677073726,4442.629564580514,1.2965282997434153,36.82288863396371,12.822787671016453,82.68541810256836,3
96.87218649245236,5180.974250171418,1.779075536379588,43.31116004116779,11.232967759499811,90.37695277208206,3
101.97901766718705,5089.447539797157,2.055443191414209,38.846532636875445,11.812468395953948,90.55249932823692,20
102.4701509314137,5191.598050592931,2.8522960466486884,39.80983044389557,12.824128884604026,90.41268504341456,100
101.30336882911953,5317.435497526145,1.4459437708705654,41.44837037218095,11.22981431526679,81.69926066331762,100
97.2484742307729,5110.285952062914,2.4880203596779733,43.25074930932999,11.316778291702635,84.15831182881405,100
96.64188316030975,5044.426825939483,2.6997432134861716,38.99961792045468,12.710001659631757,86.19733494390218,20
99.87222964504278,4735.679499001612,1.685672847462715,44.559856017742895,10.970720188073976,78.14578977585496,3
105.86364509629682,4786.333770905285,1.8612431905698832,33.59260045379558,11.538249571675115,92.97460104043007,100
102.71800077297216,5356.020386053199,1.4818453763131147,42.279361710859234,12.666890613651471,84.93861733248912,20
98.14692833956947,5430.900621711794,1.8982694294598477,37.48141732594703,14.464910929723171,86.41963943802361,20
103.85849355324173,4928.566869106384,1.9817050128285345,44.11681394982398,12.726485405715296,82.11497780136399,100
85.75728689684962,5013.800824175983,2.3298249990411852,40.42613343649163,12.567167715588013,78.36561220316489,100
105.74382850186052,4728.6156875018705,2.5450917355102236,37.981284003971794,12.636961900407275,81.97985057262615,20
91.3014311061095,5351.827053580233,1.6259519676891765,41.9885232790649,10.71217167111954,86.09602093816794,100
98.18779529298433,5199.625047107534,1.0163374678870027,42.67956504162176,12.13871608641589,88.36714406376846,20
94.40165052686928,5582.365230939125,1.989377610361879,41.92568236857591,11.964280213996318,85.8089577030136,100
93.52659262139547,4736.503076846078,2.14676876498432,36.910911281100816,12.385901448447306,86.73362008120975,3
105.8041339368926,4886.597630294535,2.124708843842521,38.54794862913374,12.139809662971045,83.31486812659311,20
97.66149399344054,5069.433776757672,1.836663376245478,39.9877814886357,12.455639612900535,87.48124283122714,3
101.73251940865357,5193.946861317731,2.0623760498319674,39.87622104204982,11.626239366120958,92.41416433192954,100
99.76539710560408,4935.299708735711,2.757722404176124,42.24923642631504,12.070330700846151,88.52394721219494,20
102.3852041361156,4738.11167286389,2.190867084481255,33.95529630248018,10.52660572073161,89.0477094412647,100
100.38410945530127,5264.422258677071,1.8133157874984578,41.00298116366051,11.616111266396503,86.47008199653315,20
93.58503887905715,5216.340608763674,1.7499010914520021,39.13005593669008,13.669000257811971,77.48422465200198,100
104.9813340972357,4725.117769830883,1.9150738211611347,37.48449815084814,12.382570007553907,79.77666734684378,3
97.53121708419344,5406.632840331648,2.8183699809153198,37.7725396666912,11.974894755140308,87.27437900331921,3
92.21709050670124,5351.0596127589815,1.9083496452369013,39.35638700644611,14.275347931505216,84.94530474019957,100
97.85942419517043,5040.288949174338,1.990102827739646,29.196744686621447,10.366998026038704,87.19921443236414,3
107.50379895317155,5023.879358712811,1.7588432145318484,37.89613128762535,10.668653333464537,93.38211708922037,3
104.25110871056746,5166.217331334772,2.5494916787209823,37.37255552606112,14.055253693531528,88.63017999614667,100
98.2567393279607,4741.489078923122,2.9799186273723377,41.59834962796787,12.055153123258721,91.29443102871411,20
98.25371147840785,5009.009443749224,2.2253065247156942,37.58341995246844,11.708900356452247,85.47340694735365,100
98.39182474391309,4354.284936617246,2.0413864518927127,39.35465859948853,10.560954809885228,80.9639216125778,20
110.3837399178042,5262.93669365088,2.0183914165871175,44.626829882983905,12.537235519674015,84.71066920392829,3
101.90967726115777,4531.552033267442,0.8078466056071272,42.98305455944627,12.653351843432954,80.9762409314043,3
102.15020823595535,5451.0259485287,2.372575432142409,42.70681419983036,10.686606766998125,92.79147478386224,3
105.15141727015921,4900.963971810065,2.067083207997922,38.50038270876745,11.831669297339486,88.95195538267735,3
101.19394579513256,4936.499905420647,2.2141710253303626,41.62909683786896,11.59738100156032,87.6025624831414,3
98.70478927089648,4811.679828174649,1.6442689029581476,39.298306598639215,12.307172575702525,91.17971601114051,20
99.0182507545751,4913.5883378233775,1.8077715605114542,39.41172036796919,10.656899709335228,74.89971792738388,20
99.64199370292968,5425.559403544411,1.7944875317484135,41.22905603123965,13.502336945415788,87.9406897567133,20
99.81388881745079,4253.657403039476,2.5108114920365194,38.209019234737205,13.098988537917124,78.44677107847814,100
103.6381477181849,5383.089615826457,1.8106200816984535,44.47900931332961,11.564189329520621,84.96372150767169,3
100.2597294290365,5101.407044330513,3.0413301610548986,39.51960958120619,11.740297546033954,83.44146203766392,3
103.66320038607789,4637.893505642835,2.2154312095075186,41.855081698778996,11.83629341966686,88.30868306048474,3
99.59641709945708,4677.406282085229,1.3621586700021342,44.3668014377719,11.066029736392196,86.14093644480478,100
100.39317595158045,5502.917908162461,1.9357268533740215,43.09496132372553,11.467884698117958,91.72558586805894,100
90.00899657733946,4716.3479360171805,1.6741624389217922,35.773242691928424,11.67567555879047,81.99051419533693,100
104.5816383735124,4653.994846821212,0.9028087650899879,41.33468768502965,13.935442044848553,88.54557194816643,3
101.73244237948997,5341.194362709419,2.799735470056895,42.55215818338194,13.135941969996525,85.81111608449416,20
104.99005054929826,5101.565862885775,2.351571271110002,42.675589066482246,13.121585648803949,76.82354864964223,100
85.51872310903155,4718.62232703908,2.266603658949656,36.66011549765611,12.443910735605268,80.40691770738484,100
110.44187352390364,5064.987492621386,2.082701830149852,38.02889428894803,10.659207589282518,84.25060983238916,20
99.30205185922414,4692.274194907917,1.3089912156537813,42.983674707224864,11.950210674507145,90.56146224945864,100
105.54091408368758,5330.246419526781,1.7581914302222816,37.71471888795206,13.164586151536056,87.31861528778558,20
94.80047036437234,5318.41128946194,2.4208903873920065,39.10091183000706,10.490082444759254,79.16249588059642,3
103.06386952531285,5159.601859646583,1.4743899851087487,44.72762742850591,12.763863848247917,84.2984188597642,20
94.73292218413172,5108.498318374105,0.7341153418745932,39.85660224884563,14.787131070315318,95.08903224396515,20
96.88115519652098,5528.356437460212,1.886446996109537,37.81967758649847,13.274179975187678,85.55611667420429,3
109.57015676933393,4999.905898216468,1.9291212229862307,37.36714792941129,13.696834962674385,83.36337212463802,100
99.04658799618326,4645.43776237376,2.0677817082073546,40.998157988755565,12.262006500530592,87.4586982037811,3
101.08716436589862,5134.842173849692,2.364259321757268,36.00055597456837,13.161518338517988,88.81696539790985,100
104.35033865344377,5625.814114861134,2.318802906115604,39.257992108310745,11.138576142775158,82.7191582625997,100
102.47840943986303,4695.572152044244,2.1293849026219607,40.99969160497007,12.955036574809471,87.51287387185718,20
100.75209452571788,4891.5611699918045,2.5977656940433547,43.897449461643,12.785265760872916,83.35555251664596,3
101.82480501233113,5124.9338114304355,1.2405151095933427,42.00264424110999,12.347893408845195,88.5966380091472,20
112.01707792619138,4983.828545298278,2.252290907238695,37.85780464605347,13.579208903662199,85.84846578985642,3
99.71190601483207,4705.308925886806,2.3132691816684714,43.53525795269116,11.353458194583133,87.40983913526446,3
101.00549523357483,5336.557356869142,1.3802188569598801,39.10145488735757,11.775530980231604,81.20408226916248,20
105.25327198003806,5696.012216605178,1.2485646956588052,36.29289093385177,12.114554449629956,80.8935680796357,100
105.52762966478991,5058.839437707172,1.6270289367621993,39.48387592220358,10.764466834692719,89.72748652329697,100
105.9351515278019,4728.7795130792,1.6692292787423542,44.31450760343711,12.272318332560298,84.60301809307254,3
103.19365111014592,4535.311842483958,2.376709731751215,40.49572015019478,9.937283504455383,86.42517371049681,100
94.28497543634758,5077.392794366354,1.6927306081544526,40.03756559298936,13.25634544131385,83.4680228645674,20
108.16715766150548,5331.163202994877,1.571825740859398,44.91163493410856,12.05596483987916,89.49363387006822,20
94.26827303490656,5142.550323948614,1.6941831316527205,35.70593545883672,11.374928515315483,81.96095009985171,20
101.51317732619516,4999.278847724344,2.559316167077106,36.143202657841684,10.998751665245853,84.32199380049559,3
96.22862074990321,4823.218504463208,2.006521687188476,35.152460587099505,11.718505164456975,88.92996406351565,3
99.67930826703504,4672.350910184573,1.910374487321544,41.11794455944017,12.825911652926896,90.86483849582133,100
101.6438120515174,5250.425397897465,1.9449972506494744,40.499479381345374,12.657286774485073,82.38120354486658,20
101.60678607725137,5274.131486415676,2.6460301671632616,44.62820910183933,11.153354463265847,94.79841990977941,20
102.10960377117642,4536.28106399278,1.625414136698379,40.73042523141031,10.984752392846838,86.56620846846808,3
108.06855634529323,5476.951693454205,2.6577541454700517,38.787528521562095,12.788278447583577,79.78535869095631,3
102.2676715075699,5172.221366268201,2.105248149460752,40.005384618634324,11.133183114461964,86.84526024294983,3
98.77921682354676,5419.878393543738,1.919790309012326,40.35312225538287,12.071891728895404,83.0850039275827,20
104.82043584144179,4597.3616754544655,3.250450248967141,34.984716180015496,12.148505571029132,87.17034243591588,20
105.9473524446232,4590.252753375368,1.4721802551007017,48.13099493300468,12.374474558072086,84.7857187616983,100
93.86196092431504,4955.309207069811,1.823157120216497,41.559613054305736,13.029924516218246,85.37136845095073,20
102.98700034924929,5150.835328068558,1.383784380418,40.63002492406777,10.484444475759213,80.44203311706927,100
103.5058637115545,5538.908246878089,2.4762309852680846,41.845491952835744,9.706608809687415,89.9503061535818,100
98.51218248320004,5211.82367414454,2.8445944668258396,42.12823294175981,11.319063262525978,79.21936316424484,20
106.8785340665581,4927.19561695639,2.8349613907023192,39.5783395434927,14.161834089398623,79.45617552297503,100
99.24972206483737,4692.089237700233,2.611974376573002,38.1062765912779,14.426608920104854,86.83680174573743,100
100.6278822673577,5369.0001718157455,1.9011897661020172,41.798352058965115,14.197412562679066,93.01422123588985,3
99.13464087858065,4710.588372274786,1.8173795112550768,41.157132521594356,11.768422358687172,83.23703451467796,20
100.07789523790734,5488.540566431697,1.1644151137529675,37.570329702731776,9.861461901618206,88.50486161351984,100
94.518624565524,4914.684605118047,3.0179367675908964,44.25710683410179,9.18835307801779,90.36670088431772,100
92.79974558702853,5477.174621785355,2.234489039074234,40.88005610896895,11.263154206140706,89.07342218647034,100
107.97252531612486,5203.6793870177835,1.7540215475652585,42.189458086802894,11.762311643820768,83.4439585541316,20
95.76519325840836,4958.901353167263,2.664028444493484,44.175762663039755,13.560750481267151,79.54476641402962,3
95.04303825271846,4844.181088452162,1.5136177416199996,40.0656664634945,13.041366551450935,73.96226217164323,3
89.23304943198143,4897.727636796176,2.203311017111337,40.950856020952344,12.272886094789945,83.68579750268803,20
96.8051912615525,5128.495007712571,1.9136854328545827,42.43008171551835,10.93218627487063,90.89043684281087,20
93.3845510329625,5023.146948865315,2.3193385699401503,37.82541674859984,10.847064530106131,79.37917007619033,20
108.21007580068185,4821.856577579389,1.9682132304069393,40.162154988538006,12.304953224485722,88.50104923759383,20
105.04908544671318,4950.310576904711,1.274536054444388,40.37664575995345,12.836461174607672,80.24923734974064,3
96.55924827411138,5023.573108915745,2.037788186335019,37.13182434494982,12.470257514694701,85.5303628819342,100
111.26217902672154,4361.379771675556,2.524432070937681,46.952910366021634,10.758482448472014,88.5389580707751,100
104.90882743495797,5137.45043443661,1.9853917970730073,35.778119669522795,12.780801154550502,81.70252281580787,20
98.37584308245688,4706.083632584958,2.387557560794543,36.105688288938524,12.511093160521694,85.85242340348456,20
87.50297142563214,4654.000279038277,1.4772352571629734,43.942679727110736,10.715200312571787,82.92454331637336,100
111.45471286295371,4493.796695866787,1.986869603365074,42.13979875238962,11.058814835639692,88.52574329469088,3
93.05213766618202,4461.832250639633,1.6877447724557113,36.92210554755766,12.82619516947388,86.17658584242318,20
91.77300626521554,4593.365749066314,2.373490420052355,41.821867045305076,11.718590957824931,85.28253837214633,20
105.1128521600482,4787.293712710853,2.015745781130998,44.40355133499193,13.90697676196375,92.7917498007099,3
112.19876203169636,5585.977741257971,2.345036838168306,39.909210827209044,12.601355131277492,88.31153071184151,3
106.9213640925526,4842.236097231439,2.543855213078933,47.79646870022375,11.416042574172877,81.54824066936855,3
102.8195456002618,5053.325031880409,2.3458092875606944,34.82781456739589,11.987753279530882,84.57068049601119,20
102.97377170832642,5120.144415951899,2.136559217146822,42.0814703615773,12.076060071165262,84.62050607460169,3
104.26707779390154,5039.319555864755,1.5008938707442974,43.49958500866301,11.125931624109947,85.40159786312606,20
103.79464294893383,4976.766961782202,1.9986069446665493,42.67403170481574,10.904894162186848,97.62254638303747,20
101.40595711984687,4641.411870920227,1.7334547989920834,39.38693282006305,12.8416678725714,86.85425946355498,3
100.52100551975938,5435.278264483763,1.8279680216478866,39.12867555396655,13.014327956450515,74.82048714947612,100
99.6870343605024,5542.158993091365,1.8127329246248745,41.33243551326177,12.72453776346355,82.28600514141517,3
96.23017705566662,4495.202391763194,1.5100372126088777,42.44726345995621,13.818381713188561,75.33813956252095,100
98.59662461566613,4692.791422734086,1.0213307054330052,41.80742030884709,11.349872116786077,83.3510087147708,3
91.53521592902307,4916.056897286898,1.6659284758361166,43.12017367238017,14.009124919285355,75.06344885136785,3
99.50830186602624,4710.638661526943,2.0966897259620794,36.94339012879979,10.918894657735017,80.64204764465786,20
95.05704446424541,5151.78966603676,1.325911477286255,39.31668706262909,10.784777323957808,77.3963923518294,20
94.48205341392115,4781.518339278016,2.0078411182358122,37.17995220362874,9.8880493414209,86.92080088983738,20
100.8994707557674,5649.516820341981,2.9501342121554823,38.841661671741576,11.46504562340782,85.0026968131444,20
106.96001143172299,5357.164578303079,2.5115282776261196,43.04566267544291,11.395533195804656,86.51481153749366,20
104.59158303001156,5063.772209189665,2.821770754560265,40.32395176217569,12.63112473630558,84.47724305715737,20
92.14749698188412,5308.0958789959195,2.195563938466363,47.820577489449306,12.29266912994454,78.0285112489779,20
95.05185931714831,5331.7701273071925,2.583754911493223,40.58021910156915,10.568431954777036,87.56760684627368,100
104.70385593994108,4830.815753582527,1.6380176347661064,40.17907564173921,11.52872851388902,94.61112280134726,100
95.08756303230845,4755.134826637411,1.677829866489008,40.31854875832065,11.554245574694777,87.04606289303274,20
98.87683425001488,5023.442918890894,0.6304298969312636,38.08657392142019,9.86882130364573,82.87037700341217,100
102.75026049512276,5258.490837349384,2.5930727370211493,39.826490162867216,10.822863927583956,77.85966411947277,3
95.15827772568183,5041.718119596026,2.7701619899099432,43.38336408133494,11.075023643263092,80.45966514620017,100
100.5268775307298,4526.901055342701,1.723411377326365,40.34191200438332,13.720350023785135,87.2651982828603,20
93.32987252540897,4759.152666814747,1.8730241468013824,37.61962081034959,12.229740859148823,90.36559013399688,100
96.99316178024394,4977.808140921687,1.6230689431545193,37.22474613856409,12.794602504737,86.30433087360989,3
101.59890967071269,4977.3003187022505,2.191326775738746,38.64939432500247,10.201637403420946,88.99943644852992,100
92.03503133234166,5591.7626530369425,2.5624662726516205,40.22159030323264,13.43305737961679,88.53839122013622,20
102.20237368980199,4584.203617280301,1.1286140130594795,43.580759606428785,13.561322475628911,87.53267195692959,3
99.9018110053666,5151.6767725507625,2.2047192653211263,35.97853407590069,9.60198603942645,81.70763202369372,3
102.76244977208574,5446.733932498487,1.8616641141404273,39.04052116633373,11.153619931300982,85.86961755987576,100
101.11957067032331,5681.434923626839,2.056697195983345,40.43293005830524,12.594918687618613,80.75811098058931,3
106.82070214986922,4878.680773044812,2.2294970008371453,34.498882697111696,12.773266144245818,85.08714476479051,3
100.62612251323954,5147.42883581606,1.9058987806135894,37.49920515110078,11.185806323415333,86.65431765533457,3
97.85297229437373,5170.928107159594,1.9482065732971097,37.960334380791444,11.633400644335616,93.39391903693428,20
100.61148751516141,5058.644519465987,1.8930624162226806,37.6120888784485,11.283142726745828,78.45134012816185,3
102.71649014518194,4970.346439628208,2.485158100894141,40.57566863506494,12.132501656335343,87.40753815495653,100
100.24430035162852,5130.7926168500135,2.209379980063748,39.518321171494605,13.436614237754295,92.40618295811797,100
100.20295845601942,4240.326174434094,2.1102917688686804,38.334141692196894,11.074749411430554,88.79423882919399,3
96.49004156096622,5204.620847018789,1.3645241394538585,41.283887879657904,13.200984597322098,89.16472721412521,100
96.68549541224526,5037.85337109859,1.8107101283934228,45.16922415293875,11.061993513183735,87.93847450933906,3
92.98697364100153,4933.257530966521,2.449334580169587,44.91776955022526,10.982847345003739,91.49167244887708,100
108.74788371593469,5614.058658715868,2.0188482865619615,34.23168468381299,12.982313542011855,79.56260915943815,3
93.78068382304357,4797.519794362835,2.3297657347945693,41.73121655150542,13.10632365360914,78.07036667014877,3
96.53547401102047,4879.077203280491,2.883255900163817,39.465930129808484,13.021691924115185,84.96832929767372,3
96.40796367215401,5597.46599066142,2.519303034604408,40.46546602859607,10.42104311013823,74.19418948214145,20
104.47462188472221,4750.381608545043,2.0465791688498713,38.80515089937236,11.440858826313539,91.15322902089005,100
98.52525160853986,4834.965415119038,1.7445054149021364,40.352765889661605,12.987586310403985,91.1035759774772,3
106.23871036336867,4955.892372970745,0.7232252019720509,40.45422218821606,12.049850208676673,82.83324722457736,20
96.63254687878066,5252.220344638865,1.9158075387635738,38.26314472795323,10.711568584563043,83.14614701669746,20
101.39497081111901,5062.340752205994,1.8369937520915753,37.31089735652446,12.54998152695053,84.63826262424665,3
95.82326473370121,4612.212395854322,2.195183097197688,38.653912952141546,11.142231289210235,85.26010325219809,3
110.72574563886694,4840.3494310618435,1.9230473865126563,40.702777793370295,14.153429818070654,85.63586959597143,3
94.06200790485244,4817.793670036336,1.8398074702816027,41.796989025052795,13.85380975490191,87.79116053439151,3
101.54910355113513,4976.833686433087,1.1103005347463897,42.56004693202044,12.72491691162668,84.1368682349576,3
103.16888440466049,5127.753097588949,1.5300160854249667,38.51742993079926,13.633208045723729,89.71596651738896,100
102.0689954872575,5125.461726766392,2.2383255204002785,40.85153370190821,12.077749620148058,87.22973888562652,3
99.07356170561145,4467.19647378548,2.857953815566347,42.887507775859895,12.918524993250019,81.96518277063683,3
99.35089650133287,5319.182296268257,1.9512373081271883,43.49678468543239,13.77326435436249,91.67556333902048,100
100.21905735989554,5075.770653798987,2.1639055367870617,39.82350143760544,12.294598418153175,78.20871506938757,20
99.26498999185756,5415.359614278172,2.476239078476403,39.33720482518116,11.69377539418286,84.53917094589262,100
104.81939558397455,5133.259498187202,1.594553031899875,40.57337270150918,9.95445365018746,89.83458700537734,20
111.05261500795676,5330.396887320729,2.1834070216427213,36.55087758130778,11.900239769134208,81.38463447543927,20
97.21254107496082,5139.963593435038,1.6297549468339207,39.419171466893474,12.988107821474774,86.54777823383576,100
93.15098510210461,5403.867726860824,2.4324122192455055,42.23375919541939,13.134760113081155,87.71669798499524,3
99.55858975824373,5156.675190805334,2.0757015239758663,41.9258413883311,12.605238078862092,80.6973806600938,20
112.8985466882716,4970.6254260671285,2.14922590699072,39.18919718690833,11.350441086045311,84.63761140202982,3
95.98162716015135,5681.730416134064,1.6087007012907055,40.6531546032615,9.627814117262892,84.21748084895395,100
108.19558402722033,5266.711136683967,2.3535161798053923,37.526048979127935,11.405741882394318,82.24131074083854,20
108.3885040703822,5172.123326301324,3.0423564606155082,42.11047644467507,11.634786154735258,96.50837426025387,3
97.23205879146003,4617.108675038499,1.496044152285897,39.76653569159058,11.624485239371984,81.18446823277262,20
102.84491539592638,4613.507714760939,1.830120496176238,39.17214564491159,12.74226762837351,90.02465147033942,20
108.14198311564269,5087.814644642556,2.115803737084046,38.91482849171984,14.382811693217807,83.03599491559429,100
98.10436129506256,5043.656359330473,2.3932031059979084,39.811318399300426,12.148235042209311,79.56681905557359,3
98.98209819948819,4815.763230497505,1.7202268573552655,38.65636706520412,11.739921853012246,85.51407121577535,3
97.09159543025677,5042.294809883618,0.58348485492863,41.97442910800769,11.68893382439509,88.2454669219375,20
94.92621634653567,5476.588078413079,2.6795947470820125,38.81414935595146,12.149261720289257,89.6025478753284,3
96.75361227466996,5208.620742365089,2.3802530597920715,44.77889228808215,11.006047487581922,92.81132555327535,20
93.88029866618872,4657.697447074179,1.1285262347566674,44.39563151044414,12.144238270495267,99.7262314496755,100
100.17041734129613,4966.547351857117,1.696215604110222,37.32536953043649,12.540974803598159,86.25257101877799,100
96.15013384470679,4758.510055744232,2.784091214763663,40.20911280828784,12.251623276289386,81.68453913087306,3
101.16892955895374,4883.6900250774315,2.723898209228933,38.04803013599142,12.549050320805737,87.26437163397446,100
92.22052176898187,4875.915300311107,2.469320011339472,39.02005731043417,12.520497131218242,83.66893524796754,100
101.65440116107229,4856.706325218798,1.9119437830200687,46.00728240293439,9.873723981304268,89.62983064926115,3
104.16764480804463,4623.459388407981,2.041493709406255,39.0772857486526,12.764244190074484,78.51417851817139,20
90.03132178714273,4961.703595544543,1.9345370974369367,41.08067811123229,11.194782185205055,96.84167271200218,100
101.87028284923787,4831.817708945807,2.5641198916344186,41.62396388202483,10.68499300439525,89.28024047387757,3
106.13834496236646,4121.16539299932,1.562078796752445,36.998111882550276,10.674657806574004,76.57997991101918,3
93.95179490654397,5615.891607350499,1.5971001725578977,37.43471357677239,12.520249932567035,81.45485548842514,3
108.36286193418852,5326.630896265002,2.5051372934180076,36.38193288577564,11.732910087330177,89.08040522056969,100
102.09509504683022,4887.1097825225015,1.9778192722442192,37.34208779830667,9.981637459217508,90.88172028085728,100
96.47494072120796,5005.64571492218,2.689233677726904,31.449909672048452,12.57364537823074,78.63881186384019,20
99.72115461171147,4648.503695804731,1.6642438965097273,41.63374720238088,10.272470243041408,88.56512925216474,20
102.7916345626086,5508.716863343259,1.9726108198305874,46.16258152376821,12.167785630221854,75.26330063669039,20
100.38002695706206,5569.186608431934,1.5387935075780232,40.443462217109584,12.286198710807666,84.55332067264477,20
102.69377996223184,5047.008118473957,2.0036813407117835,35.75119342197818,13.062692498034053,90.56023421051603,20
95.39663203460317,5307.0591932556035,1.2607265315006004,38.071670851300155,14.138021743760222,82.2424213494851,20
100.8468041201804,5052.586033680177,1.7561832895225187,38.62336946492501,10.362388408919351,77.46538850430993,3
92.9314275154751,4598.982368337221,1.281873067535941,36.94724566835987,11.937031372724341,85.7310739818878,20
99.4438696932565,4876.452989310903,2.346961616595629,42.58054791518547,11.66839764594694,81.97640566682261,100
95.48046179267605,5039.578390031587,2.3582946698798257,42.430780133126,12.520499623153155,88.14779183032918,20
96.32235028705117,4863.635684376966,1.1348686347578276,36.53364461854702,12.258802525120343,80.5733678389097,100
106.18046587605218,4934.404016769489,2.6669428727502864,42.175243133342526,11.576944508716057,81.1368155517345,20
105.45655060297135,4972.580132747265,3.248707563209927,44.580437990731795,11.470917373666973,74.89498839561878,3
103.04569060453588,4975.736450640362,2.0230031933681705,45.70767461568868,10.660258973779143,85.84972355525741,3
94.5384361766371,5015.677547149245,1.6794428698876775,48.595636069257885,13.185433898887812,84.195475308617,100
98.41795775152599,4681.8184800810195,3.412165295501523,37.29402205167041,12.551045017919435,79.05807664629964,20
106.06548849989592,4784.895155261619,1.3405157508487446,48.47266127918561,13.101321837354165,85.96899356883546,3
100.70858456819953,4614.6247202900095,2.010053233434549,38.937380834473636,11.627524636229383,90.13535150322069,3
111.59664769990847,5293.344664905861,2.0898111363159617,38.222603633858455,11.211797437566684,83.92216028290525,20
101.96658919697185,4368.305917447902,2.6725738102262073,40.98121712463354,10.706021920044927,86.34083474910987,100
100.96024558245016,5346.077102995077,2.179869487563394,38.25381599772096,12.430701100488792,86.36655624792581,100
98.4544176789875,5415.904819178853,1.7506830521057744,41.19713242193958,10.752248130566118,78.9783508641052,100
100.66770452391141,4909.345823905213,1.5244078148060218,36.039768436788094,14.21839568275986,95.28292910353798,3
99.23765081809728,4219.05887365181,1.8290890898769323,39.283742193809694,10.430828902687871,82.64575084938858,20
103.54054338344295,4891.606831409813,1.496536319527428,43.85674670308504,12.328392143055002,88.28058100930136,3
104.78351158397292,4980.744751613354,2.0239126598923414,39.82881612570653,13.880225648656543,88.84607638614524,3
96.07005269746026,4696.820534021326,1.7179019100697568,40.424787360219646,12.718907711116572,84.30202436442124,3
93.3438352322111,4845.434481857527,1.2529811033551246,41.42577581415193,12.210808454990135,88.03397512529817,3
90.81897313448351,5459.058559659005,2.627572894187452,43.51198488795298,10.837819623645725,86.22909610908195,20
102.53995663456271,5199.478148690522,1.7511637382854803,35.034325863431704,10.341876973718755,77.91180121386297,3
94.48316696913064,4722.63076568657,1.3659315975123438,41.7535721555123,12.924060130701102,83.33863649374956,3
89.23554703523759,4520.72024912137,1.9158704327562293,39.19558258227471,13.807376688929935,81.93724548822969,100
101.94289302265481,4901.894804717069,2.0341857829838292,40.49991368593552,11.473380011426194,82.69127479326936,3
112.46499758716395,4935.962966194868,1.1267666372104832,43.17985050928713,10.633126190860379,78.47998411081682,20
99.96964544230053,5148.859756208994,2.1658238335628814,36.417440045764465,9.050196683341177,90.63216858373015,3
104.19245387225821,4839.404986229702,1.4764212156548677,36.962066675670734,10.823082187604955,93.00996327306706,20
100.40914679273783,5153.4498726085585,2.855514404595394,34.19371012085858,11.863611789001151,89.89001487999204,20
99.50555173404429,5580.546212018069,2.2619802560383673,38.35252317470867,13.91894788900408,91.35264612073571,20
104.59538241493884,5244.650306733279,1.8000500049453416,43.99129703313645,12.807760430679561,83.27682581495922,100
98.54862727905675,4985.573447800768,1.6274161148413246,39.63823843457959,12.366102485648103,81.81871582506982,100
101.33696157035952,4945.054858684011,1.947516146218188,35.97962531303564,11.519856406438644,81.10706476594144,3
101.60848903098007,4892.998059746039,2.3063953707916447,38.54296376627486,11.300201139292852,88.22032461478611,3
96.65954773178476,5354.1922737356435,1.9872529357074002,35.53641488952813,13.686777117009557,86.13531526572075,3
104.96021174768262,4811.805966214609,1.8914205964315718,36.624441694806514,12.240886248910067,84.61389144200787,20
99.12520121652295,5013.566812699994,2.029185145408948,41.16645673079114,9.476879169694774,91.47574272097671,20
96.22127420253578,5015.359370564325,1.6980705343815226,36.47838002108191,11.191752422523308,87.02470676907672,20
102.68254921785201,4849.4647421565405,1.8283970365784812,43.3379029156099,10.970140761874047,80.80671181239708,3
95.50766009104481,4588.26033563477,0.957103780547498,39.78663912750899,11.344483188987041,81.59545585432153,3
100.14090578684564,5096.8923510853,2.4868631154261838,40.256784111833575,12.675492792342101,88.40996649627073,3
99.95440501677898,4981.698808443385,2.149398890160881,39.16488109717632,11.871066141846901,90.20866426327298,3
105.42947782915789,5150.072140830971,1.613272077983285,42.31854351563117,11.907761511595606,87.75840116127985,100
102.37349116439977,4839.91990806825,2.9493674906776195,42.34947966333103,13.576167793590283,94.4844437393604,100
99.87486520627428,5366.246389643914,2.0435082401961933,41.00516305573652,11.164246692255974,93.17503582865709,100
104.08883149600143,4736.967865636447,1.4819282140124015,41.69436731772294,14.237039431064819,87.20517917425381,3
106.95103774508657,5513.612085205368,2.428368710735229,39.36373099023872,11.194430890354697,80.80709670259249,100
102.78905153175931,4475.709047051521,2.199024108254631,41.626609020727145,12.107037835935085,78.45006244134116,100
100.0517630992169,5130.431019367067,2.1972899927421095,38.98636667357858,11.66255568551668,83.06309127492642,3
93.4408188382492,5142.629204757987,1.7871221976742047,40.00669486648721,12.148102960201154,88.76606723208079,100
94.67443168462313,4761.332879617736,2.2252478618890175,39.176068751901106,12.533510394087754,94.13323539655968,3
98.47387647822666,5127.318181358304,1.8691208548894527,38.628344382042414,12.520602288106652,87.087235172054,3
96.95243898920359,5383.855600928047,2.277970725822921,37.93266460683463,11.096259203255304,90.84361397115619,3
99.06514348507277,4334.954348193781,1.0475277729946806,41.403070311576656,10.652502387062915,83.77346256906098,20
100.28324962448553,5150.823442247244,1.7830632685104055,43.93181773844039,15.003806149086852,88.11384562613775,3
102.64846377178365,4252.018753900977,2.861077548904097,43.51330591500868,11.419218792479336,89.11678414738586,100
99.64750610970454,4710.300558943038,1.6164662722998497,36.23030399216369,12.839054926406384,75.10202862073736,100
102.43250821913101,5488.7499094702835,1.6980808512534067,43.86760915422062,10.070830427372163,82.93280598811745,3
100.3223720740506,4825.465389982383,1.7760193307750125,39.04552449514621,11.664464736114388,89.74850192138935,20
90.12266716823065,4647.836010677308,1.3925969320556784,41.80219904543677,11.847360739221068,86.37234167818282,20
95.30332303090623,4940.618681304595,0.8958596118858739,37.28135400385837,12.567378083913399,79.01742475924533,20
99.27956222139193,5620.371901449065,1.8847068007381935,40.42593974162202,8.733055030809673,72.84938812136322,100
93.95152628579446,4450.495325838192,2.0679297120408284,40.94116954869072,12.199368735693996,83.17109627348997,20
102.99964364998102,4684.607026508196,1.973747465730674,35.54618562424104,10.620310253558529,84.6420715355306,20
107.65375416171848,5449.229504953888,1.9275607190260566,41.82480149903257,12.38921485343391,80.58038525085827,3
106.09380925848659,5557.31070306132,2.021520435425194,44.03780502351495,10.756404963794205,85.71542468513998,20
98.93278564534896,4968.970632712915,2.511420735775382,39.47605616295512,10.973420764889303,87.53193373616448,20
107.45363068424976,4628.284189242007,1.9047769070353917,44.08050439248404,11.671646867528079,88.35343585363117,20
100.74333728601056,5628.753050542748,1.7129587114563651,39.43091951964278,10.737204636476166,73.22040537533839,3
98.3145701444098,5478.332717524759,1.8594372575559568,42.54875359313985,11.429358663917574,78.4285745109594,3
96.93298668229531,5203.6840963286695,2.289673379878388,33.3442901021467,10.567949077748022,83.47688675822633,20
98.48765156755935,4756.279295318774,2.706013439271625,47.25633333794039,9.800195457961527,87.86086565518731,100
98.05911590729386,4985.291197748589,1.6859281304154108,44.48637473572887,13.221548462915232,87.44617006775017,100
100.85208111187744,4951.891975686551,2.049466893514442,39.14612348723897,10.444741568611287,87.35934973938338,3
100.80286990524932,5099.255391384673,2.16917872096798,34.08373292006855,11.785582934870419,83.08291029015534,20
100.01523010076707,5435.300431439401,1.5037109966355886,40.86408510491647,12.903469297792542,83.36183281345019,100
102.18469084873175,5263.825112341221,2.010208583606459,35.66822335877873,11.262067076980749,81.3583536578913,20
105.9532313739317,4676.787176904572,1.2671630713289526,41.33456061267246,11.009800920305354,88.84097064052924,3
104.74777067720662,5412.948935005861,1.1154748481303005,41.234697157492846,12.271485706400906,80.39755606130211,100
92.57551015775049,5093.939642003947,2.1833732039461284,37.175790492993926,13.341520587272582,89.25018197594785,3
87.23039432549022,5206.119738757675,1.8080626293346085,43.36290107084314,10.596821681896238,86.03926619068822,20
104.67159955619637,5439.962257783581,2.1011402038106097,42.41672410841852,11.819822601579073,84.77477760772423,3
93.16560650792289,4666.525925145935,1.991052511495825,42.927470011865694,9.921006486039207,81.71644800111767,3
98.87617299053659,4989.252326388061,1.5117999756681013,40.026573111006684,11.528158795581373,78.22229069417936,3
94.1494348697032,4840.563634592236,1.9773728490178317,35.75342779925888,12.04104562144569,81.76173621810977,3
90.9900978120999,4529.642172390363,1.3834493474925724,42.93361681663341,10.97445042989392,83.34996565687557,100
102.70731364102394,5104.012993281476,2.6954861790007003,39.18888580259263,11.451609799409722,73.15487844209375,20
103.79577580151323,5753.466965475327,1.322014827570018,35.83065957042199,10.31012787803106,84.01322422332667,100
97.11744799636641,4447.976676648274,1.9021073645157094,44.056118097922976,12.092494333657791,89.62178684013003,20
87.04478853927546,4990.315816685159,1.4788642059763757,46.29822256150753,13.266833098659779,87.83608952716936,20
97.26877775873758,5192.162880522432,2.285210586680398,39.87625561306239,10.683427356275443,82.51897062129247,20
101.95902002701273,5036.923460496854,1.8342843143592487,46.47736346380987,11.25279388013714,85.23468149207613,20
92.60544215612936,4966.061584245278,1.7406666401893949,40.27394418583405,12.603055495745018,82.21917715289,20
100.91679959889578,4610.235090966253,2.426600772525777,38.858632287500946,13.454508863187284,85.74380366667847,100
99.92345075413502,5069.836022882049,2.014715295838776,38.10862463744357,10.208172225349282,92.70053911872016,20
102.89645749800545,4772.970806895222,2.258322222967984,44.91124722397823,11.797458315100862,89.84249401312438,3
100.59790184207077,4343.023488506434,1.5093370317412675,37.65956835583668,12.33975698678343,87.60397152846376,100
95.13465529559222,5358.37766615412,1.2975915280362464,42.20580792992496,11.877532331245382,82.53557543808141,100
105.98285750832245,5287.515745952613,2.053603981020067,38.32250849482237,9.027849519747495,88.74969196472419,20
99.20735213486515,5015.498293055324,1.8405768222526344,38.619079712276914,12.601308011170527,76.56561524313473,3
99.86347730245033,5068.722406461711,2.3132173362269723,43.0907490819087,13.823203621308773,83.73823259004554,3
95.33366020463401,5322.295403814668,1.9600457736687251,38.85988946113194,12.139994101403405,87.91855709911975,20
97.78358874404245,5067.301897033425,2.102537669617315,38.78561386173912,10.762672736046884,88.70210607023876,20
95.5759864298655,5271.205266428395,1.1883087350293784,43.39841409152442,11.38424730436286,88.34942245107871,3
99.13526970038288,4910.755339737845,2.9442184698071285,44.79219187966487,14.123895681186712,86.47415344604848,100
108.55854240071172,5393.595121572184,1.917879007483984,41.9340694098527,13.09195504903267,84.02137510458059,100
93.14049428534322,5096.235717779805,2.3487934851695993,38.03569067312815,12.768031942061196,87.68987984913244,20
91.93219301061629,5058.215583081762,1.5819541648901867,38.46817450210726,12.427695100241252,80.2356947970685,100
107.35585163746805,4618.98167338639,2.1540049511086705,40.23974579122011,11.206635465370834,80.77661368353375,100
98.95338161424067,5086.086756290512,1.3485776182376275,40.962790185776974,11.759314583213078,85.30867338230148,3
96.65463630670041,4750.413524751664,2.2260339191298355,37.036402269580684,11.906492717185781,85.86598821354373,100
105.19952343698039,4808.515182041452,1.8220129578070836,42.16911381873959,12.659489179277333,75.87192410717677,3
96.97192230131569,4755.387311505164,2.014595251967784,40.256539988918796,13.810702673120284,87.27573190474759,20
109.13004856773468,4680.129520430232,2.348987015065049,34.852875044085614,13.342005764151754,88.86364188959696,20
103.38962935669635,5637.431420905088,1.38372984438986,37.21322055261781,10.296738773044751,84.61357381266852,3
97.56044295927148,5399.401718596521,1.6577541346936016,38.48761397904501,12.268793962681258,96.87233141641997,3
110.78654106632752,5576.110250643278,2.2286621405433826,39.78142693347684,12.884116014201476,81.58532446842406,20
96.9714253849833,4633.131494133331,3.0491107372733737,45.667836386511986,12.742632396173562,83.19456418306565,3
103.71047686004654,5021.376124973268,1.930958832669259,40.71451391841889,11.244919483935096,83.02466546936395,20
101.49646290203246,4611.947712438771,2.2955680589619663,37.47768433030412,15.496931058922033,84.6190619435449,20
106.50870644699398,4791.291536840881,1.9465142650707599,40.66189241292149,10.467498525202657,83.35637593516854,20
107.80755598363426,4724.561904975028,2.9711227973781495,38.943736757638355,10.70017386400074,77.96594727697564,20
100.16002074532884,5371.875201932468,1.1263891665173722,40.974274718600626,12.280314097513891,82.26725851881763,20
96.23291064826908,4881.131096569472,2.047310522334679,41.74170306110685,14.540163665956625,84.51189652112961,20
102.29986071469558,5320.513800108205,1.1872279832189694,43.62769194167181,10.996566179154994,91.14286041030999,100
96.61142315123946,5181.236266876555,0.7467142147316417,39.92714051298992,11.68100596122361,96.01121636686457,100
110.06693623763312,5691.091625631437,2.148731026558908,44.9168815827995,13.292752407618831,91.67736948925327,20
100.68267665541369,4556.166733058083,2.0697488980737293,42.72406798760857,11.978565414134719,81.12310485163697,100
98.17339224343945,5377.76997193604,1.8575815311288992,37.87768136556343,11.598475374563645,81.52095194686918,3
100.92340152932454,5343.932261120219,1.9469029549801233,46.62956699724539,12.678759482264065,84.20335711245325,3
93.26436855235151,4707.9863485918895,3.549149717035629,40.980983539810296,12.327021588275512,93.92279444426794,20
95.14192980744674,5302.140000941948,1.8709124309842828,37.49462648808329,13.23652654276415,84.17287973909053,100
106.00206953972213,5100.843488907869,2.2550621806250373,44.95873915369127,13.549762666878436,78.36246254731284,3
96.71552860514302,4931.757122013978,1.6753175901930595,46.233332755595335,12.368403672006433,82.49411431523482,3
94.7654450865903,4752.8193539084,2.1476162875203015,39.90092420884132,12.350079270453971,88.78528000909708,3
102.68326376263643,4784.2671645652445,1.8808831624721913,38.48904921887321,12.25693317874336,88.44970138448043,3
105.92852077331499,5614.943628735778,1.794740758635135,39.48287512763901,12.586956667979145,83.99891666754172,100
103.59476655332533,5000.204845687244,2.9094492661001623,42.1441951825531,12.066204765445757,88.41707336780016,3
104.98023842902909,5234.639000459438,2.5885924815921695,43.83356996509154,11.999269821213252,73.63413898726584,3
96.21602455715269,4762.730185499734,2.0683733236996154,41.71146199259072,13.435952544992691,85.51914617516348,3
92.89094666629079,4766.044116133508,0.8478940320280166,40.30516962541531,13.819339416426052,89.30342710684315,20
107.50666825977743,5324.595442774983,1.8194953883737153,44.49403531091328,10.190936466439895,80.83568362422733,3
98.38660080578933,4595.12713653454,3.3515137822025416,39.06149058084544,12.012025382088684,80.81830731751856,3
98.74583491772476,4875.435869628419,1.8846691666801458,43.09275801510072,11.173566679865718,75.66775923618262,100
106.6409707092453,5010.20822332167,2.5516087860268293,39.13581160494616,11.626834240216713,92.94947797405347,3
102.7811500470033,5033.411780552015,2.7209712009763005,41.29306887403268,12.483019451682386,81.39923011489216,3
102.27943886040804,4946.272014495153,2.1094819579279873,39.659312305628646,12.803326045850962,86.20521638931056,3
110.82501172450542,5118.745934328777,1.5790891840659238,39.832443452041566,11.865448267666386,88.01958520741687,20
96.78240884809928,5207.856726745344,0.7823438341085558,38.86784044761337,9.703991598332637,92.56033974570727,100
104.63920064040619,5220.391263637799,2.3420816043044774,44.034562093542085,10.841945303308584,84.23051113007182,100
100.28506562448543,4704.258857399652,1.592621998588226,37.801221885674394,13.0757996042402,82.3028510311079,20
101.34296139431629,4914.753470621361,2.088075225943846,37.779303242353876,8.711488293558082,85.86533824285277,20
107.64234213206265,5358.428858563081,1.3750898302053178,46.36298069753533,13.4249125820184,91.42040138271143,100
102.53917878144811,5268.394156272162,1.8673812297648988,42.93354269396299,12.625475988773449,84.14913734299608,3
102.69148039524816,4588.142164555681,2.0168595274505265,32.84465890392089,13.579411297836026,80.22565459207962,100
105.362536686549,5105.443970105661,2.134296790522149,38.30422378236879,11.761716975742848,77.29621095842319,20
98.17523635228558,4406.532425187557,1.4425889063237929,34.56403198731384,9.526313491172514,78.89351307697387,3
95.80395166330497,5014.080470618111,2.598455474380676,37.14792791975424,12.516435169807798,89.32195748703333,100
94.77595402989483,5569.330105023793,1.7015526076340144,30.58445600129788,13.52958374884601,83.39687761846594,3
90.16821705311999,4715.632184819304,1.1627652697733772,39.58903126691817,13.109666166616105,81.96239545039644,3
110.28103564970161,4749.703086352525,1.9454882900182682,36.57417454251606,11.204770219814357,81.42016388408028,20
94.48395817139158,5229.208934471858,2.01718765451323,40.179715770389315,12.104113290555176,85.42522930100091,100
98.89373188207114,4537.159545437106,2.08029471658588,35.124636223352425,11.36059647746409,83.80272453117207,20
98.6159335005554,4810.1734910344885,2.6810662018425395,40.24873555951612,11.016880242972753,83.63433928140374,100
101.5370334890455,5178.932341274526,1.8817755816320703,38.75525116563902,13.146466285415821,91.74661963905369,100
104.07868606269648,4809.714245693179,1.9401901878156143,44.50585889556579,10.562961226481805,92.69008140930816,3
104.30236744179872,4929.209003836709,1.4484078093834531,44.23407058523688,10.927420283302064,76.94989163545502,3
97.08461280715531,5223.255713094511,2.4102767514439485,42.35603680903085,10.675169239833137,86.63796365571478,3
99.16439143106794,5126.463825060969,2.0921545320390518,39.02015865801636,10.211702972041143,81.11568950689303,20
101.4128997524415,5080.045518888621,1.7899861363529188,45.95614118578088,12.175697150211125,83.75874443069453,3
98.75654436908226,4898.263316218989,1.0476626532672682,35.34089416648054,13.39380365817837,86.54639192563347,20
108.03672788009996,5111.018334580686,2.7222060975275437,35.789324111309014,11.77814789250568,83.9364004153454,3
102.45487475819125,4962.880195970073,1.3861600177719713,39.7486507003328,10.193102639323001,86.15229940313817,20
103.67438893024908,5137.341682977735,1.704360995315147,46.76211432676336,13.007933447690434,88.36485103015958,100
103.31440634333707,4850.920392464606,2.1791722555380018,39.39298327938974,14.022842104841965,86.4728840027016,20
105.86736928742663,4945.229307686138,1.4017210356916567,39.45026427037215,11.224509211024086,81.76581847916188,20
100.90510779351854,4703.012662234396,1.2532451108734284,35.67426893166457,11.425734879938737,81.85400196514838,20
93.51584026022077,4989.497716998129,0.9380262086496676,42.83778875581113,12.618792756100072,77.80147351690982,100
101.99843975876321,4756.699740911346,2.360498476452818,42.85952876298806,13.946248497342062,80.7303985123964,20
96.74321553104086,4665.786064951402,1.727406877636839,42.36722560419973,11.37619902512973,94.81034180949264,100
97.35691659125122,5077.5983443566165,3.463635046236665,38.11233798145791,10.401060262802154,81.03998212952378,3
102.93182009377547,5063.821932757298,1.5028224671845634,37.879879694880984,12.757702327526887,79.0331059377809,3
106.19141535716818,5234.862120484571,1.5392744882855394,36.12063324878509,12.95888168777076,86.59963930922386,100
100.1063578836803,4870.66232912747,1.7173035148572993,40.2516175052828,12.007357740522272,84.4481762035407,20
101.54416506299482,5122.415854051027,2.1215673275692444,36.7587780121645,11.33024008841106,84.02203381575387,3
108.5110747231762,5165.239271682099,1.7648983306073442,36.467750484252136,13.193254477190456,92.04522983206044,20
101.20376589744284,5133.432142349478,2.306166107001256,38.728927849267976,12.633643205457558,87.74563337779182,20
113.00841557090197,4752.303895159357,1.5107058050056728,38.53253147444735,11.077877379715808,82.35003534148262,100
102.82754822815772,5044.809044681357,1.3092041407682093,38.386064413534136,12.058913677566807,82.8776204120411,3
91.19618620422091,5109.242088816399,1.1008926302954463,41.399333790520785,10.377950961570424,82.48706743047157,100
103.76670810552267,5002.153540072382,0.8882129160314016,40.23714340645084,12.823068547725503,89.37369810790129,100
101.90579192441389,4374.056702488675,1.7409654902624716,39.135531908466646,11.685319716740572,83.45926185273431,100
106.44876377041373,5048.146887192044,1.849509843803389,40.549038784934446,11.477147001138315,76.03423248772924,100
103.36590675634979,5663.759311819173,1.6842814862584083,37.0254188766861,11.960550617817079,84.75840160632828,20
99.30772008008113,4891.988219372905,2.621702898593581,40.315835871729035,12.048369239196298,77.31486999436035,3
93.87850881855317,4781.576870643404,2.6140151048040674,40.4518074785339,13.073916073878673,95.92115300877451,3
98.95488371356987,5112.004567913419,1.832598506277749,35.49085942192756,12.709308637590265,80.17166043076385,3
95.7473977289535,5093.713463139971,1.1030394434040185,42.98708126311109,11.812308865448637,84.19067617321134,20
97.09738275097638,5357.820549624925,1.7166474459724737,37.35569888431901,12.916401779662793,86.29101367350569,20
102.94289202210305,4622.639553227334,1.7000893030414692,40.270929397619305,12.480884704429936,83.55670919660385,100
108.34952252175702,5219.414075772498,1.6714325188609709,43.49323522160581,11.488080436456755,83.54984799266904,100
101.9733576491149,5177.126618375439,1.6511405480508776,42.777030273141605,11.850338210116217,87.10913643080438,100
94.02058468982408,4957.3560389178365,1.6732685521375963,40.103000165706504,11.822132533388254,92.6310797939814,100
102.22301334110071,5101.6061953765075,1.8067291920511201,38.9125029913538,12.606313611809043,88.83754540908649,3
105.98315743322826,5308.837244479507,1.6822294505922217,42.842535725726705,11.55957286233403,92.39256939286771,100
96.95108547840309,5261.694614008535,2.104161254312796,42.02408493342586,11.53150897629404,79.7669044595325,20
99.3299141666354,4657.094206377881,2.1801843579524305,38.14490493986761,14.362508771320751,86.58681316627681,20
100.07344097364599,5246.047456026646,1.544677456408755,37.61531905899493,13.127682578096525,85.7762302602914,20
96.0755084345888,4980.593418490244,2.6355326630035165,33.78293445491201,11.087279202689833,86.75545645838368,100
103.2414021692193,5021.8622294046545,1.509968849079693,40.46209552505076,12.685129192730638,91.88115985317786,3
99.3952592569611,5021.959097300509,1.1910996930923314,39.751906764944806,12.142020078786212,83.89605425103973,3
102.09766221953514,4954.927103360522,2.190389035682526,43.40857412392763,12.469861410312113,82.97248316722956,100
95.5625391109895,5357.51224913212,1.5912959327928302,41.0771652804411,12.164809589478125,87.66990398709332,100
97.81270849838295,4974.884612045236,2.160645735378694,44.00268758251807,13.427571174582283,76.10898636217077,20
103.61190678913886,4664.136161485049,0.7981656994497348,37.90790731625149,12.414744413581735,83.81573975438911,20
98.13583423954117,4881.941043209082,2.6962279707415338,43.41445099290286,11.925493562142854,84.32901155357274,3
108.63481925616702,5053.6084150431425,2.336146704020201,38.413250862686034,13.250628692379621,80.39820691846538,20
98.00181907192699,5368.764435289115,1.2497617254184992,42.33278818537681,12.279942049305447,90.28529505678289,20
101.12342362875943,5180.92840548465,1.2606114380768572,35.62372482240792,12.145774295194869,79.68879841328358,100
104.66295415936546,4744.839416375887,2.836132952048764,40.70540589809857,12.376827122983338,84.32063475818101,3
92.90817133533484,5745.5569750036675,1.6313100482510208,34.04593617566227,11.88766917196036,86.46578612661484,100
91.19595594009613,5079.432593293393,1.5829075756336881,39.198587542174735,12.011072391594563,91.76725780738059,3
92.37171842714953,5382.617221399704,0.8669739529253586,41.32106198163374,11.295966493485754,84.94721782559573,100
106.31292051713591,4954.485669926831,1.824610897199223,38.437094346306715,11.098599336451345,89.68076797064106,3
97.24070927053776,5160.007773411635,1.8861401925821235,36.8486871137321,10.801715536221073,88.50297698638563,20
112.79099642834126,5251.840551355522,2.3577465483847426,42.5383554078878,10.32962005584351,85.61728778084571,3
97.17876200671306,5365.458413526277,1.3004607859077622,39.68961163045923,10.944339166338532,79.55243295863272,3
100.92275651598518,5317.210491613468,1.2398566038796952,38.53128805890798,11.79087955863969,77.82709569547825,100
107.71054976283938,5261.659100021893,2.2254813173882386,40.12568776346283,12.123741098934765,85.53252700709594,3
110.03046444079561,4905.473980641767,2.503365035613532,47.91000742583677,11.67444412422283,82.28651563048693,3
110.30751788318199,4828.476187413182,1.2144238244410586,43.46050854934463,9.17315581184717,89.59630545840646,3
106.04183115296571,5099.782253097259,2.5407570431498705,43.48772100456352,13.889503629314811,88.72928259049289,100
105.12031262905731,5279.938421702321,2.018770920743411,41.30663895697709,13.303776147468458,84.07694502781474,3
102.96263474600592,4933.1837897670175,2.545902669537323,40.499455817731445,12.534911821460554,79.21143538029365,100
103.89180538083319,5319.551589714316,1.9648898192411917,32.81175313500875,14.288988807063921,87.55367774803636,20
97.24407141835734,5435.7850236458535,0.7388610412560248,37.9630589606106,10.827163059019547,79.91025276932425,100
95.90900558288847,4725.103724277974,1.9240163088419806,38.55827676039257,14.265150144751205,81.20768038534567,3
99.98312771294523,4748.923788861116,2.5300719093356347,34.3753238078574,10.841743107899342,80.10292130892422,20
99.14907688737536,4957.887482328399,1.5531269904581428,36.5277526293537,12.286485510349628,84.30749489030023,3
97.73385975336362,5092.283800456759,1.8060175155462739,34.057490587232095,10.471395209838954,90.8509616703528,100
103.48193723728357,4842.629895869884,1.9119332482245108,39.885028492907885,12.017632914653241,84.97479564888236,20
104.77652604285255,5405.660803660143,0.5502430600657591,42.45629791254645,12.463399797598067,82.78390653786153,20
100.44203443145923,5127.220058455536,2.835673787718738,43.32032355587299,11.814371602638534,77.37192534977378,20
107.3876504052763,5011.834114472222,1.5493121600514128,41.24435338623773,12.856652932908165,87.76062292364921,3
94.29155442933248,4569.2271428394415,2.2528677162363993,37.10981097640429,12.118817339384709,81.09797697035687,20
99.03170270360141,4605.255255071748,1.9566494319258956,34.20380452444012,11.37310232594699,85.58758809579048,20
96.41588839698598,5084.302775084542,2.62880952817968,34.7293939017955,11.319824018637194,83.22890692041679,20
90.6673169146347,4360.221312153549,2.2030280612140403,36.19305226823651,12.973096527138836,89.1908860979972,20
99.5865965707865,5303.791222893222,1.8825378642395127,37.33342090589298,11.215509564231638,84.21381803985724,100
99.39126245808359,4952.553846688304,1.55324245374036,39.52075450602524,13.098483564581924,84.70536822738474,3
107.56724871621066,5972.92789087842,2.3989253506910693,36.95750734561909,13.467254151398317,87.4287357372773,3
103.15405842277389,5692.374875184833,1.0632793480226916,41.01692768100479,9.997543365184644,95.53470091131592,20
94.87906587835397,4945.565279225745,2.3229452101379464,39.30317949160158,13.359511664761241,89.44223465179277,100
109.27046283167094,4968.0988992406055,1.4504776242225637,40.03163713522308,14.47250723813364,84.55696946825695,20
106.10516847762676,5298.674454200609,2.62614183097832,43.420751658013614,12.302404513442314,85.01598995307644,3
102.91048851734308,5510.951782975411,2.0806497713313474,36.459304797398886,12.718901022353787,82.37570269837782,3
98.86757950575084,4508.591282769195,2.322061883925054,41.256113734877104,13.24440638924299,80.25002148240152,3
95.2028038163826,4464.087360393594,2.04099440691236,39.95808031457178,11.669421221785173,82.23624606466839,20
98.13896611964473,4813.389558333685,1.1238114524295018,38.99954115709092,12.218736268245443,81.13925518144029,20
105.44374309852093,5174.821274952159,1.5696354183023309,42.65576896259788,10.42296056445227,88.26684191897942,100
109.42293152967305,5149.062077152279,2.336194668805691,42.63704246367102,12.166362034236542,79.64402571065507,100
107.71621764136094,5320.931436495155,2.083327908679922,37.16052761203471,12.59773439477345,91.66605280690023,3
97.55575289106864,4640.090741490408,2.5904949526528362,39.45351824842623,12.619395627511762,88.76023191809415,3
94.40191283355495,4305.156841109337,2.201637281518586,40.843635047752194,13.278509668317096,85.10250864683834,100
100.70443123455603,5257.404258590644,1.5166490546486702,39.18097975593225,11.070237386237364,85.00159305732534,3
91.15780317218574,4751.54111811043,1.601967931139683,41.75506399686339,11.360871891991804,82.21359345192724,100
101.61583857092391,4394.453640683409,2.0514586952616187,40.84357605373083,14.274608815189627,86.35042205673882,20
99.26198706850666,5043.519123787814,0.8429779669999473,45.497683721068036,11.819605951483549,90.44046231604294,3
97.66981749065879,5237.952706465603,2.8367209428114926,35.409162592210635,12.240040544774793,81.48421768872093,3
92.02648466366603,4963.382860363617,2.2208733681887787,39.63269203075781,11.919587949929735,77.33303955540634,100
102.56800053284859,4862.645484145253,2.613517298524436,37.274492465463425,11.013983008433973,88.51609127428372,20
97.33649580169045,4952.191330356228,1.2096980295954154,41.81232236631713,13.948235053070167,86.621829871219,3
94.15041582144856,4888.8251712797655,2.622282580177628,35.148484329863365,11.366758305695273,79.3990059927941,3
85.63868893359175,4595.58586641795,3.1157494555138743,41.03893813067466,10.647257371551683,81.33304314542941,100
99.86242547474681,4785.5957969028705,1.3395608223113413,38.10985470595497,11.459111667236698,80.7044786297493,20
108.86125798334872,5156.383971504144,2.3857008974518834,37.79751440163696,9.59795279792936,81.37733865482876,100
108.30629607273934,5096.5035624129505,2.0005549723436467,35.66050538937794,11.218455042020182,83.38158622979407,20
97.71451871706864,5050.417941790046,1.2277830758758779,38.60477216139698,10.838245682577208,83.66726347859627,20
96.9889396981911,4701.4554554439865,2.246441985925935,43.25350159087278,12.74091435711279,81.7460317246577,100
102.34387128037511,4945.5490513592995,2.416801602418674,39.924433949411565,11.191902912528153,81.20918090250036,100
95.00807280405854,4346.8804860671435,1.6994367236655765,41.883041253623425,13.065364722694618,83.8560782804031,20
101.50895949909733,5053.5429991656165,2.5829582601276115,44.993925465898826,13.678180791683186,85.8384576742978,100
103.83040139192344,5428.65731234407,1.1666182966054013,40.79126675446773,12.937410403545119,83.41851731817577,3
106.13466611942154,4557.760360387369,1.252621926775178,38.32360128381298,11.741534053367909,90.79333511670652,3
99.49922961760024,4824.221698004673,2.068298697794376,41.40175664554837,12.169337396046712,87.54043857210394,3
98.98163124911517,5098.732033613039,2.012692638986136,38.36711156105712,10.170018071827128,77.04577071570652,3
95.61008706621719,5375.852790328245,1.6417132557879475,38.48673195010849,11.839464752974513,87.61863882706926,3
95.8655982298007,4865.532615109955,2.404797217985943,35.44032160114305,10.967473838319801,88.0277199129279,100
98.86760554049236,4792.324901220231,2.2654471571079746,42.77877247325318,12.833191657379158,82.82632515937904,20
101.8368275340809,4409.323057275175,2.4290695354670078,38.84199227305168,15.087302867093369,77.52401206348422,100
104.56792313116625,5031.031438792432,1.9384317823238661,40.54629473744759,12.599785963168571,85.04033379705568,3
95.98410524659828,5612.622812043123,2.3012901339891703,36.89211421418008,9.610631821254401,84.96145674258878,3
107.46344284479761,5083.207538589403,1.7771748484850027,41.307842889146414,11.566523768502753,79.39176881733403,100
98.64438199478715,4993.316306244886,3.026909345043298,37.714176285594746,12.146989110449345,77.74390391870033,100
99.89316352825782,5096.6246932300955,1.593727114939007,39.574873834894525,12.104828910312316,84.5622322677328,20
96.26394160426088,4996.672398815419,3.0526487147291563,42.63347809371738,11.123024249269497,83.83461403974589,3
87.8787986986353,4756.0956883219615,2.0174439735447045,42.372277936697586,12.294350091164322,82.91367317338803,100
104.42022698180524,5246.983974703312,1.3122445552156288,39.93390978244918,10.508998995696736,84.58294632626719,20
103.68421948546217,5067.728456933526,2.6840396752443008,34.69560690187984,10.86610953277792,79.4861181308984,3
98.59336221440893,5005.283975580097,2.0629506941974793,48.97843171018192,12.774957169924454,82.82589693566943,3
100.33495358612436,4707.390191816525,2.425562049190119,45.237576910819406,10.781204122944208,87.66662515307173,3
102.57969608852049,5391.052379580427,2.6119279592712967,42.1680244746649,12.645853926590709,83.25014959824355,100
92.18727071556728,5199.410823599933,2.1689777770725125,37.740388655227086,10.356643470412731,76.64013764103724,3
97.35473661326853,4834.12374878981,1.7038795775935927,39.65922351489411,14.117791060550083,82.63653861138214,3
103.97132339810913,5300.547456104581,2.487856688834625,38.36973871067045,11.070876093115135,79.6492076824657,20
93.72855288415376,4850.728748484438,2.0003777537272978,43.79156781728916,11.731600113835867,86.33568148230866,100
101.46778966083315,4765.398952246689,2.3429289093042094,40.787508672555504,12.396735913308486,86.59418701690213,20
93.21709097688297,4772.089064755914,0.9231347131042693,37.6475084249205,11.321580056998688,76.70612687456985,100
102.33214991216764,4468.679434073572,2.223490858504926,38.58773470262565,12.172087153285565,88.79506485291094,3
99.82179258851258,5141.462714125461,1.680707087427485,43.36356442770971,12.69042806942415,79.43906849360721,20
91.92434092047245,4450.6565364984945,2.8266548185892653,44.80029354046143,13.152735879004183,92.79591145241176,100
105.82369677228586,4631.4668506202715,2.3115436739445476,44.584994690458736,12.949796923167549,84.75611867749691,100
96.32704211600975,4377.32359727644,2.1199288729246484,42.27109619516193,11.793827443436792,78.76803250730418,3
95.9487378149281,4974.179092162732,2.243154996675111,39.24212539359209,11.824041871147678,79.2900696465366,3
101.00284598615471,4954.903861918438,1.500779573561641,30.275458524012638,14.81893026963004,86.74047645893673,20
105.74318674714358,4901.991136044091,2.811628345264027,40.89148007142467,13.13986688189915,83.04350055050811,20
94.92089090510801,4687.2266915988275,2.9956852092084523,39.9945137234677,10.893811612415744,84.5167304519093,100
100.30839924923986,4648.329873969008,2.196456755274108,40.41994628896406,12.119985796518662,93.0639011634852,20
102.14408250165286,5139.310959063972,2.795201784286819,40.16169204109962,11.597828233466169,81.50377967885463,3
103.46552803631572,4834.834420487454,1.7154259006637331,36.02121351415253,11.837598919292269,85.29981428847853,20
100.88220777638612,5094.9074964608435,1.6014432168875097,41.67222567055356,10.524605810750295,92.09922243686526,20
98.16486080458338,4734.425394162733,2.0204623743644614,41.89664894209555,11.505692118736857,86.35256737733201,100
95.8620488967564,5054.318822831325,2.217470519183949,42.04701634617898,14.173866927832696,76.96698632320997,3
100.43071941523188,5390.983411194819,1.8030066593784397,42.83973101072016,12.694891561050603,87.52694505866069,100
94.63930494007197,5175.849740117835,2.2688840951842417,41.81215493476487,9.010606310218249,79.18498571108277,3
85.39324758252697,4876.275854535056,2.153194741036707,38.76991176538327,13.460068190997536,92.03403764366483,3
102.18279902078834,5077.159691106778,1.5008466123544726,39.78748945625173,13.307555427490993,80.88566197501011,100
104.51967420543097,4927.800447640936,2.2593965087258607,40.27337460176013,11.5688576348323,99.84754753872832,20
88.1853378222908,5002.364055408419,2.431764121260761,40.323098347319856,12.860716252539858,92.33687994163839,100
94.95134647645031,4902.316684355449,2.0857346587951953,42.99465296791519,10.96872094701936,81.0169371518601,20
103.09577130502599,4950.699438234383,2.5763240516308463,41.93100625906747,11.435693140480371,85.10006902500805,100
110.2874773485585,5063.628005922253,1.3912981032515241,46.23203031870986,13.798255632803825,88.76822140816732,100
100.10396853837705,4701.992390125415,2.2339752110659257,46.61940693965401,11.67392395215635,88.91830237113354,20
96.35998529385432,4695.236351903007,1.4148596468016126,40.238948747841775,9.756322005654011,87.21168129988098,20
99.0855177944758,4583.437233850636,1.4429593208834564,28.490033354621893,11.924036132662396,91.26079518483056,20
106.87438209574093,4519.918668648887,1.684534583131105,43.7104973983818,11.905693928502771,84.38515526682815,100
96.77017910437732,4634.815192333856,1.5289699082128776,38.37887098303884,13.438042283248151,83.16641165711984,20
96.00403996674873,5047.838752041239,1.726002090629431,37.59554823450698,12.017203706610912,83.26568006037695,20
97.58628238908983,4732.1637453524345,1.8929248446444056,38.8046641750319,11.494101226271649,89.29186615986063,20
95.23335695870644,5154.084339269329,2.418577243165692,38.66007085955618,13.254067374277447,86.82590520151324,3
100.61335157997398,5010.414124625769,1.8394204806471488,41.83680943031618,12.144948279001332,86.45641832845128,20
108.1233922923478,4409.448735968584,1.2071871466152038,35.321692662621324,11.099972782121139,88.97617124628592,20
101.61539636558014,5196.492675266507,2.57003392324758,36.766837762625194,13.38599707264994,74.74473796073073,20
98.73823248936856,5243.239593677513,1.58145493319248,41.02947566259225,12.232394117420158,86.55034411937575,3
98.54094365542228,4701.841197549544,1.9706397864476857,41.86883209123992,12.003511160015325,86.09284444436858,3
92.18404595651671,5126.057462868497,2.223268253470356,41.92462493480804,12.213490069693986,93.34404040650352,20
104.4155488857358,4743.05052877724,2.0998052092013912,37.6388911632001,10.715197954300084,77.35706008868166,20
99.610814014936,5029.3011130245,2.547089773760738,37.065203052201284,11.366815468585996,92.78593316188379,20
99.09760043204687,4620.65047791351,2.2395015716963793,38.480095498636246,12.00429912219934,85.37704564462332,20
115.96553783922431,4462.068064239627,1.569345210151446,40.719618256854176,11.766403565970384,87.44494765330022,3
101.49376454182843,4885.154843116109,3.0892810869958307,44.45643210781765,13.526914059379914,93.37959393804688,20
96.24104474952408,4962.881316117549,2.0971667316691165,33.857688442687746,12.260887023272405,87.80380634002786,3
97.86821201897229,4880.696091915619,1.9263298866892469,39.3378137291249,13.025884707163684,87.0018414473128,100
105.74222854598378,4644.790832533232,2.4819627115277854,36.00196467692439,12.011274425491019,86.21145592901159,3
100.56635205268883,4880.030281360659,2.124725472965036,35.04327196793953,13.267546180495348,82.58260932502812,100
92.80861010841316,5080.78842577422,2.1996140964696638,42.900869936034454,12.477033307887785,84.85755437744804,3
104.59614467287602,4986.532090963239,3.2460919993003436,41.63387372349801,12.016104582466152,81.42243616938626,3
96.65927957230502,5054.750309179764,1.8624392858724768,41.34830054784179,11.984060293249177,84.77716550287259,3
109.36648888108773,4798.96543986373,1.841119552991302,42.76307751919298,10.854673648450845,73.32034651472452,20
105.40024032857325,5351.515374414848,2.058289256006232,38.56084330970159,12.608298864163572,87.14519783783774,3
97.76339052170624,4647.147999033566,2.535757967790519,38.702087450999414,11.951754318556345,84.39131373108188,20
106.40508180867556,5146.268089126015,1.2467329849048006,46.557191850167726,11.397609647782554,83.31898131666618,3
100.33927755263701,5354.5673278879885,1.0172220542617474,39.26028683722128,13.327754124974486,86.09879041970072,3
104.2638683756111,5144.272427824669,1.7064423646899263,42.20539633916228,10.49974076892624,77.83218038517279,100
102.42366408647237,4939.242731880551,1.1830385204703564,40.01914462288995,11.49300492548108,94.64634998310642,3
95.76821672504563,4841.510886001106,1.7875843262371807,34.45522440976475,13.23326249853544,84.486162692562,20
96.7822508384127,5310.8262953138765,2.2512498480646452,33.86611298859619,12.378627529104303,84.27077783513906,100
105.1498040879058,4573.107522421498,1.554625568223868,38.263047340180286,11.942569286816692,80.17301894933539,100
98.3261233394673,4708.962721886107,1.2865867116093288,43.168303755009966,12.301204251780176,85.11973191224631,3
97.98175768379002,4880.732670352483,2.034668580857674,42.36487496990801,12.21529700525861,91.9347994513664,3
95.22438710325324,5371.2961272535995,2.431271742307585,42.742231492672104,10.180004944456895,90.17958104716017,100
102.11799532796731,5113.930290812269,1.1525132807416938,37.038861463191054,11.580885737582447,89.27218875570279,20
110.31262459621573,4709.586272446926,2.4101161991529922,44.84761747036694,13.939825985416498,87.73199475833636,3
94.66233542872864,4906.907688384529,2.408653101869163,37.105320099440846,11.208811038267399,83.20728736218695,100
100.1210972833638,4815.703056771112,2.477042551078314,40.638473196009905,11.6180387830748,77.74918416481648,20
107.06110277707714,4787.06330232994,2.609240107435843,39.96894313027679,11.350055084028975,83.99480614066682,3
99.60179304377142,5293.6668675670335,3.1010069623298078,39.478378539056244,11.895581732018234,83.82064267733162,100
102.26185898124866,4588.477061220949,1.8219539756904723,44.01577641488682,11.300252602410842,90.2439721983562,100
94.6880323592656,5482.634256720312,2.0547857900389292,37.88466843950212,12.584089802589672,86.5469522122991,3
102.14153548603824,5248.468907055387,1.7917807833759873,35.951184232864215,12.23677609474832,93.06155763951774,20
99.06427867497726,5327.25850118111,2.0009884223779055,40.05998645861926,12.928257138128421,90.98744270019087,20
104.92864997839932,4861.118146392422,2.766436677818156,38.80051979714042,10.738870600573247,82.71752195247952,100
105.93693025782376,4955.017784276267,1.3274927580346656,50.13214875724794,11.591591420540516,76.02435401690066,20
112.94781821009308,4570.054455642587,1.5694751639172122,42.029522429319925,11.729132842065438,91.9278761697074,100
102.89816586606788,4842.6012778799595,2.6885904682522805,38.77197827434413,12.546776292106314,91.79692611615371,3
101.62898158291084,5148.096454292945,2.5100182534510447,36.83166529243874,11.048134563351558,78.16894204548888,20
100.97192150788668,5388.818918534419,1.818434176591461,34.35913476829364,13.098784565110012,92.54620009913751,3
98.23416853594655,4667.852954959264,2.42720100056036,36.9243427427877,13.423698708621131,86.91058585296258,100
101.69241921730845,4890.34821890442,2.1706079212460168,40.3448253152774,10.8133531828373,85.80342749062827,3
98.52299294930485,4954.610233930243,2.7501373045004938,44.28198595478431,11.410952526127721,93.07391627123664,20
100.84230488134807,4581.263239342255,2.0372547969133863,43.36506742716376,11.361682190049489,91.72342586615308,3
106.5879876780398,5177.40477252752,2.512816056936291,40.687284494939135,15.158863445612997,88.25665475997602,20
94.96728717360179,4782.802900477217,3.32100595524631,39.030497002892545,11.484119873750537,87.36608532905991,20
105.69939280564523,4941.382894646893,2.299049577523733,40.806437069236466,14.01315053058736,88.0819714526518,20
106.58557533669932,4864.4151884264365,2.024664082897422,38.444086007546275,10.480041605872069,82.99971283058737,20
99.40965736504461,4763.198448284098,2.3612234926104896,45.15509198729163,10.812418840602763,84.72449275133839,20
89.39072550495703,4997.8865043558335,1.8173595708980574,39.43242945617476,11.176074561782158,80.48841422702729,100
96.96089006452783,4935.317126429593,3.193983852762366,39.74098642525982,10.985172826264174,83.3348011213054,3
106.48497273280555,4888.4426353164,2.0900355188479907,33.352532724937994,11.678521519009802,83.16683060665534,100
99.88565968850558,4781.461513495897,1.8635333398872436,39.41369546043171,11.149466156734203,81.82347315189168,3
95.00348883852544,5095.857401234886,1.5821554974899819,42.50945241389482,11.016790088718512,85.68373251324232,3
97.47612539385891,5496.085180547685,2.548610095803219,36.796832268884366,13.390166395767993,83.38009574649712,3
104.20310013252276,5041.966169851738,2.4335937064138693,37.74783899652156,13.468552347015798,87.51117360175986,100
102.73366784100689,5298.835464473339,1.7513228142929533,42.378133053201,13.139155798050378,76.88839693353117,20
98.80533950415153,4582.933422453962,2.2882256725612113,35.57002832944584,12.628798746701193,84.4332260294635,20
98.16587794092656,5047.328431788131,1.2457220158935718,43.173403022625756,12.111291678935462,85.65775820088747,100
98.0412092547809,4670.78950430868,2.092485287536578,38.40356832948069,11.40356317120091,83.4468538008156,20
95.38794907750749,4556.922521740429,2.2263781760383474,38.83429533852639,10.856210994293889,84.13803650095385,3
108.07687844734721,4778.188577762289,2.8536649047796114,36.628364784623216,12.435594844119224,77.07376994635071,20
98.3883976539433,5357.569800324072,1.6145905986356552,41.13413878128365,10.591643528943843,86.78238552334746,20
106.08579260412748,5285.004748600893,1.3608236855988378,47.37961595508814,10.807294884989528,88.23802991283536,20
107.60658025961226,5072.90141661632,1.5522860195374792,42.344491718381896,13.383495907445772,87.46768647101884,3
104.9915544907398,4540.189832033021,1.33171574984254,37.407144214178395,14.280778850066504,90.19363529721092,20
97.84189843640976,4941.115804583619,2.6683286788794915,43.40686175647443,12.471954165799778,86.00764802891251,20
102.01865045168304,5090.51000267052,2.7743196475120184,39.04996136219725,13.327748582753573,87.39340590325469,20
99.87902196804542,5052.66086887358,2.1601082889744143,44.12345494428268,11.70498201906722,85.78045369228427,100
95.48149069634935,4446.861924955776,2.610647472842574,42.42002920649309,10.394790976694779,88.43775359796247,100
101.62179640860802,4732.904645594039,2.066979190290118,31.1705753035848,12.7346059423423,77.11385181933939,20
94.10480104420098,4980.776670755385,1.952444176149617,36.987761101134915,12.683147187924076,80.53209516010995,100
105.93839694230782,5160.887272855157,1.8334811904731192,42.833155668506166,12.086002264656292,92.93449828516546,100
97.67691351350804,4341.161653670016,1.8448045043112173,40.454971816435055,11.709149450273866,72.69782088951898,3
101.0057982793642,4951.362807356042,1.2260992218454843,36.92873215687645,13.154652694297317,84.29911035087328,100
101.41643935773071,5042.914630963685,2.1321273818036697,38.09923145351856,10.817120359887031,90.86137479804034,100
98.70547513147962,5254.883596554864,1.9798330448929782,34.28129013973186,11.07146330533121,84.53369667229117,20
102.93346900737637,5207.857275271231,2.372680362038938,39.73488013742081,10.790272191887487,82.97494464274651,3
97.62548171688738,5174.771395642641,2.046761748219305,46.632069178047296,12.101967555162993,85.6471083840765,3
104.35648648728622,4760.017847989419,1.9186481492154541,42.414800172196976,10.69452838546889,83.23439909998777,3
93.27010159876626,4427.599358863008,1.5644034849961845,46.571251003565266,11.178909383381708,85.1542474637847,100
100.63189789773206,4882.084172881579,2.0360766184108807,42.64719126936994,11.153093325327362,81.58309481739936,20
109.69464499529143,5300.489547562568,2.369118615408081,43.08243803005807,11.68727000119925,90.54337209977862,3
94.99834337697213,5418.036358257329,1.4283305044580696,45.92223606323507,10.215150664315228,92.1163246053283,3
96.61127514737575,5213.164730689336,2.0437368768403696,41.13178977802668,12.10464599044472,84.33304838944188,100
102.56953924829457,5128.802246840521,2.116521475764742,39.43831803547936,13.496764380797613,78.06755289654379,3
100.89790890969799,5113.891894515789,1.6409676081908677,43.097972549866036,12.162589646780114,82.38078414843302,20
101.7531504963678,4833.164375971766,1.706071847546,44.36152071136566,13.849585373761585,84.08005669948518,3
102.44593565073832,4960.981911933914,2.115305424383107,38.56010607186337,13.60079782305231,87.52769438451604,20
103.17360734280885,5500.7208577479,1.4332894908536886,37.83529275297991,12.933282056697426,79.95993388414661,20
105.54849920978111,4717.232598262437,2.1749618576246963,40.41656809729264,12.089623011164262,81.15418840678925,20
102.04909328464257,5484.433637212956,1.5523228131704,42.49449660079499,12.027000465894528,87.55338068929403,100
98.79371172690729,4903.391553652383,2.531426846516608,42.394273145984684,12.916559726835912,89.6945441601978,100
103.36286850601365,5397.629632728524,3.1689138726941497,35.7274971994372,11.529995268595162,81.89202977414658,20
109.49940967447608,4577.955497150739,1.56962159914909,45.73481820118997,9.740975098239044,78.33391473024503,20
99.33683126808714,5175.771260349395,2.2671039311873376,38.07650521180945,12.590404864923553,101.42059100643942,3
95.12735347664679,4778.968959215714,1.6366290475589904,39.204805009334265,10.642717644078035,88.91652118544357,3
105.53540334643486,4575.419842422743,2.520477086898895,37.29203692003654,10.845430526171539,83.66498119116484,3
99.39809418023201,5065.560212723283,1.3673707954573926,48.094986507811264,12.000268737594945,89.3451563776542,100
89.13665226992981,5302.8415365787905,2.240293379213856,40.726212010863904,11.885850146935836,84.37771685142789,3
104.23710838575211,4746.517568421951,1.5635055165553235,37.447074757955306,10.305509272421244,89.33578444550093,20
97.32335907023038,4550.29521186248,1.8965077054508157,42.59177064988734,12.198589876959769,85.79696598888111,20
99.54733358847919,4972.446570699513,1.4844873624263464,42.3074073379301,13.159367593033258,85.45635949083787,100
101.65990165284508,4973.769401366846,2.411175235447877,39.43681892926035,10.64599011568106,84.43209065884605,100
100.95249839889533,5164.4958882663495,1.5815098227802065,42.52182013835015,13.526979997018511,77.76309333268455,3
103.5472590856952,5284.878371409346,2.275982129665914,37.524124117507405,10.127795009844068,94.69047449696569,100
97.82256814715079,4982.175445618252,1.8279509858688336,38.521245175152245,14.540788973245144,80.29233039866128,20
102.56552899088041,5556.650994438279,1.9427638141005685,33.96935003630181,11.50648748341982,78.19988211844702,20
98.70226661208041,5067.270423360587,2.0738779537000642,36.02814674734131,12.17474039619227,83.93570058621816,100
103.69405240443751,4896.07204819793,1.6190876641705756,45.42289241701206,9.729559713017196,80.19264093244746,20
103.07683742006526,4516.529792269152,2.1051835567704433,44.924285883166945,11.92543672023683,84.74143604719865,100
95.32280648977702,4921.20214390515,2.7651672821772055,40.197365945946885,12.27417861326183,88.43881924280885,20
105.42991058087516,4899.0839163766595,1.6109526070836429,44.988794341569516,11.896605475080607,89.97651450264611,3
97.32018277442975,5288.091438884441,2.5859050716369225,39.51977654017509,11.324302707537152,89.0736536081084,100
104.04028899140573,5138.745087220056,2.7490488167438922,39.26976909229628,10.864122577766622,83.4718397260716,100
101.8364365670067,4646.189263510215,1.591922505485978,40.16953194539667,13.356631943444773,85.24795913830793,100
109.19091838397561,5051.676315923311,1.272472697454724,39.6252352140293,12.03696856199754,87.03939525448746,20
98.88267008814074,5201.459351518716,2.1509804500858825,39.35441102931946,13.848902851820126,76.21106288028963,3
98.25341601940902,5458.40940781635,1.7262962386165634,43.43019432144866,11.368221174246093,87.8529235005993,100
99.90290197056133,5266.251190224218,2.9343016095815013,40.45040696186861,11.47824636795334,77.71350356208085,20
98.48410108582863,5228.253996293443,2.017403770249916,42.13744529330141,12.978713093515395,95.20173299453245,100
103.99970950971024,5018.0257983845495,1.5989002959824103,43.09414157583199,10.052430045595724,82.97742457679152,20
91.91844695781705,5116.493601627035,1.4264202444941443,41.1645573869642,10.543843967816493,84.07562411402705,3
94.73158790426822,5374.851470211847,2.5449524795454153,37.089186022275285,13.316981965623796,81.15146450381073,20
94.66098539210404,4600.166780756105,1.7144080129579067,35.94140233310788,10.593679284932167,81.85014984072156,20
104.75153795986787,4895.168201834913,2.021914399730214,40.446341904421914,9.817138781636944,96.3704678457162,100
108.55306686290963,4768.229375373127,2.47790137255624,39.4862310855252,14.24223262568771,89.70184844311649,20
99.47775390731265,5113.745935617837,1.7578708240345848,40.26217428676036,10.327418822550953,77.2539877742608,100
99.15589138404995,5369.066652695236,1.9770355856299198,39.95183788225424,12.220943277993804,92.52106450342615,20
100.3502608155659,4820.907713983678,1.9917157950887399,47.7507209804997,12.082902231269125,90.96621137570716,3
105.80939151304095,4282.908689759169,2.3416622557580458,36.00932123307599,8.6272460200583,83.59393768855855,20
95.36323432904713,4876.333776492659,2.295372167755163,34.030161190536624,11.67921957219863,86.53348471014918,100
101.19184491367392,5274.042119605222,1.8899431343725857,40.99713050055883,12.538095899374932,84.92527960289463,20
104.87598814891214,5161.288970884964,2.031824530748259,38.87073233623541,12.425171257822633,94.86289952223466,20
102.50547084969922,5128.455874343173,1.8141104942382558,40.948203609189854,13.084224820564202,81.01854905503954,3
100.94790808299372,4916.002009437656,1.2611937965402777,41.751649066852,11.53501042211348,85.73005304887863,100
105.00523046283571,4616.290779134064,2.1288004286990647,43.85231408553669,12.855005330510593,82.85927334503597,3
86.48383853500381,5154.58829648734,2.946095880416534,35.47832253884818,11.172805118303915,77.83479797691074,20
103.38937659765453,4749.715456989613,1.5581404296544685,38.329846306428514,10.30743910030467,95.95819127527494,3
96.72962158436287,5655.229020014137,1.6134851451986485,41.28628377664229,10.44272594918252,79.09216710448794,20
90.84683551571771,5171.152162506355,1.5646361141781293,42.31139078706168,10.245467453765503,86.10064593743888,20
102.5560129976249,4825.8055092338145,2.3622958893615613,46.580348650865155,13.211503161469432,76.29649696809832,3
106.86829272581478,4816.5844257834115,2.22424272709822,42.8671119133416,10.182511789129732,83.00464730378454,3
99.31275742686154,4972.116738015923,1.9207311537917717,39.82963421234117,12.328846608779164,87.10984410716729,20
104.76437273601469,4928.149423393475,1.5409904691805174,37.32869274117201,11.680890967113081,80.87633010248818,3
108.06139128994323,5335.0501326589865,2.046188395819962,38.30713044184294,11.876821711859241,87.93400925367827,3
106.57457226792023,5055.924850923214,1.217688936332098,38.22189153112868,13.63632875423964,83.65479454055959,20
108.19982264685697,4780.510478327442,2.0717132834287466,41.96570088554128,11.473887159341672,90.80041256199307,100
103.71063745535946,5567.132205546734,2.435762193043967,40.770992336757494,12.73392187385962,91.80880456670111,3
100.37716819450796,5014.792499456067,1.374400431683161,36.029051287473465,12.045076021657334,82.06627619634995,3
91.99017094051416,5230.651902790669,1.2337408615851682,38.6922955927287,11.817577313240763,85.38366429696478,100
98.76968755935026,4817.532047766572,2.78971894584743,42.632642660354264,14.759962949263768,85.91727113236117,3
95.78376702341905,5108.934688323357,1.6941201802477075,41.05498706492218,10.270389905141556,88.0967464771735,20
110.85471358748907,5093.332997342958,2.5679739229719107,41.70593384803831,13.546958202524934,85.07190998122132,3
99.12057093783832,4433.105212371154,1.923001167401084,41.14876513017179,12.787687878587967,85.95105479671422,20
100.61602403392243,5604.582533138192,1.9190225915293362,44.87929220382658,11.42457000644186,83.7829676260244,100
102.75742688020233,5387.193338276764,2.2192063497483225,40.70812919147311,13.955182220929935,85.57619933486009,100
100.21801223186228,4880.841405156204,1.5580005716267797,38.84193160638791,9.782267865133756,91.48970096767566,100
108.47525520215376,4669.319077863243,2.0662485717478227,37.25273487659932,11.373880011241114,88.23041620605927,3
96.88675319132774,5104.2684841410655,1.8092552925879537,40.748828374629134,10.549821354877109,88.50627819721684,100
100.97303727618622,5026.009309824319,1.3397532782974841,32.67788795567475,12.494500157845753,88.61535162067788,3
96.28764707150975,5106.700684568968,2.1687410373631995,39.447132994501864,10.664323078575388,84.23095611059482,3
93.39988744389647,5057.473218858227,1.868346096561042,39.38248042023597,12.519676736089583,86.59413521789766,3
96.94115454547358,5151.872296791777,1.9214875857776461,35.906587439148154,11.776276301014136,79.57413160832128,100
99.81481601475794,5434.191709817542,1.3949195282929212,37.21520248403201,11.424775268812699,91.34403828158479,100
97.8534888774137,5170.430961538594,2.795700183881402,42.42897259044472,12.466376695239973,71.0851978382839,3
96.53789510063072,4685.103350327017,2.438357093193058,40.69213524722489,11.677654051274324,84.56425803832288,100
92.96841268164083,5408.768855813736,2.482077942085989,40.305365001121984,10.693638188329153,90.70447988575137,3
99.58447213685653,5492.184369046487,1.847277648779159,40.919042601796065,15.361647587561974,78.18066033185329,100
92.476398129845,5945.617020353626,1.13540855524829,40.27788276384677,11.415399380365027,86.99889958808426,20
103.80027981844802,4662.951790028121,2.9764586912447553,43.72858768857495,9.338869103817583,81.59616776710486,100
100.41219876467251,5072.864603945082,1.969451245997066,40.37028754511095,10.989481572334334,83.15598367405566,100
92.71224250267535,4375.3703890433035,1.625600101989973,35.62536065854375,10.479267973952723,89.7297048031972,100
98.45395461475069,5165.944746913763,2.208400787241557,44.89038989462323,12.991374739248618,85.99028462942574,3
96.23921797204709,4835.539910549968,2.5835603940016485,41.111020801986534,12.385983191509903,74.82822066057818,3
101.5958725520959,5577.033738447486,1.988474721957267,38.2322388076148,12.478455362148413,80.117872301342,20
106.70225223011572,4767.615508994425,2.639287583969687,36.23979484511494,11.555973040995307,89.8766786744438,20
90.62413765177128,4493.245088609821,2.5414999692584344,41.187742662874136,11.664779703531694,87.24471359096499,20
100.57513039573709,4858.620877789244,1.4618094062989708,39.64848398507687,11.554882675670799,93.74067786262142,3
99.1993360221668,4407.353668634859,1.663104947170262,44.722440358097224,11.902568179037436,93.41323797006649,20
103.35670038225233,5225.329836352193,2.478768581639884,38.96227815799951,13.002400122437802,83.28877434926603,20
101.06598314118844,4380.475086123104,0.643693718094781,37.4878576309526,12.403290495006416,97.51618902534744,100
96.2401533413059,5008.537274354948,1.9252721534175057,42.68738865470779,12.60013539554504,85.12239834925956,20
98.4047303216669,4376.656454043141,1.284584399187664,42.775845678150496,12.599470689899043,80.18665732795488,100
96.01987071598255,4903.910658639007,1.7617230992832376,40.505954102830586,13.061330924858085,81.83180067044711,3
105.38003569299299,5493.01344674136,1.850589955485398,42.02907114302472,12.345780049848306,73.7163744735529,3
100.10655824335971,5108.194367430739,1.820877811046246,39.886938637773284,12.430617687214703,93.03509504124641,100
109.50595342876504,4740.95191851052,1.7238693739436957,40.701595303027744,13.426567489431788,92.97380994521932,20
99.6966959309269,4990.638953318275,1.451428175185593,43.49497264769177,11.201944898396265,79.92246280593339,3
96.45796616544769,5005.405061613334,3.145955633409343,41.87595500206451,10.973108904058192,83.86057855809047,100
92.43142803693587,5141.789103753022,2.9337310020806755,39.49217668500213,10.576894080975773,85.47803772056288,3
90.98430161872028,4589.942491015752,1.4189670898718585,44.05708763777845,12.219497476344307,80.19823473928943,3
92.07932028497255,5177.7701821542,2.7910583756517835,32.90543388162546,9.775521310537052,76.22448984364419,20
101.33563325505742,4188.682510519167,1.8002672547635736,46.156219934265806,12.554584915271613,83.94821198111543,3
102.54362511614967,4811.034634290857,2.0645937366658553,34.882122715327796,11.868968286599337,83.39460285270377,100
92.09404648983933,4853.517847264537,1.968363020051542,38.118721525683114,13.361567639785267,83.05794379505612,20
104.47519157038057,5189.998047821371,1.670125679373017,39.877247394414795,11.19369922744201,86.11358031300482,100
97.58469474158281,5006.789255803061,2.4919261718030734,39.560557987815514,11.756018057498991,92.14759829262997,100
100.73396505992774,4578.331083843114,2.062943265288329,43.01923312007966,13.346643999952043,83.48453640154138,100
108.06110314127713,4704.5020622548955,1.7617242883903792,36.8264901441693,13.659762776133782,85.85221499360681,20
104.48419657932766,5059.604002864222,1.3477052780997636,40.78230045244919,11.183817161097815,88.63435261872468,3
98.65734676047084,4976.279797440633,1.5532024931404398,38.26536370534074,12.218137479104593,87.77071463256374,100
95.54403887292357,4826.262767109276,1.1793099421989517,40.88542293801225,12.353302773220857,81.9278823777608,3
89.24092299335348,4855.749863146406,2.006111774207585,39.80568322060637,12.448384086745378,85.48188561557018,3
96.4042334037879,5208.850399147786,1.401667203857802,40.27880695804893,11.684909208821253,87.73769910084526,100
98.94434880586152,4844.692228139235,1.8672197437407294,38.35022550260696,13.537660077748361,79.3582433124461,3
95.06410236424408,4973.572626791278,2.6850509268051854,38.46980814971175,9.732355819654146,91.31769505398255,20
99.34371516453848,5650.980976424163,2.599649786460793,40.86181754208228,11.494643718238699,92.15794452607055,20
100.38425941479385,4572.895208934823,1.9838615529486912,42.83114651726813,12.537516879327537,81.38609872277753,3
98.8757200909596,4444.4471805276025,1.956457636928425,38.20516199740646,12.548669774339212,85.96835009174085,3
96.7499870958827,5235.076899439582,2.939937274710504,37.39369736628127,13.623310836737716,88.21139128335516,20
100.84327335983363,4796.407081611769,2.2603780601793555,41.84038049701551,13.437870471841544,82.27192921835623,3
102.20970324784705,4904.5287416772135,1.8360967700617385,39.90248832082693,11.657350049631331,87.40806922844047,3
94.54800461278577,4765.6530865606655,1.286990941439774,42.49149440195786,13.559845492236725,85.81627813146083,3
107.05466189873135,4922.059957769747,2.1969366090823716,37.28260835988656,11.143149907467054,77.66040911180599,3
99.50705933857869,5479.561433628903,2.414661886291431,34.66168322372971,13.117064859350204,87.2958065798928,100
100.09424811472424,5240.638537585436,1.684174237743178,38.400987754521,14.172626974105192,79.49928791864482,3
103.54107211628279,5258.667053566093,2.145601377569016,37.700942172204954,13.457932928225963,89.69601425831024,20
101.1660806563175,4575.131883262206,1.8182133525424855,39.7636347997591,12.126924460228947,81.64394462433056,100
104.76568316956623,4654.653879034139,1.9079838004004985,38.08946435718883,11.601865473873453,84.19357283169427,100
101.43562082600913,4148.276402154372,0.7560889712188343,42.223050854009344,10.165690444488856,91.86139456723288,20
96.9378131267978,4757.185753675174,1.8891092981419322,39.13554921273245,12.372647565497045,87.48190823264423,3
101.8075176260305,5287.010955915697,2.4846846512040273,40.4514234963217,10.661739326434898,79.60263040212728,100
94.28136896339669,5155.083954724511,1.684298722216721,40.47290367532283,11.048238403663277,79.92541714600458,100
100.54279852888261,4933.546021114363,2.026263184107658,40.58486527723656,10.571105039115995,82.00348605688137,3
99.8338500467777,4993.309914884584,1.6220246466540398,39.92761266863508,11.447529200812014,86.97322041678333,3
98.9594157136373,4793.3343372273785,2.1802208381463863,41.53180207123094,11.96643670261562,86.79149907466385,20
99.35731244280535,5061.427664720535,1.8917384012319132,37.613034598522574,12.328337497398847,80.78448847668565,100
90.5907547725118,5229.7634838441845,1.5303792296589966,44.19825377996165,11.279392037503245,79.1639525719282,3
97.25637546129519,4515.233963776858,2.6662757338325638,39.290387849894394,13.28314044767422,86.40791702542917,3
100.46422450570557,5089.894306351204,2.4644660067661075,36.06535258630395,11.750153690412041,84.0906996710492,20
100.799281959987,5279.7304612864,1.6975466180359127,40.56422007097532,11.054733080081377,95.78607943723868,100
94.8616242953702,4875.469913310989,2.2488941547088888,37.446458552657546,12.271550720692124,85.1830182828154,3
106.3285392043235,5210.210183636175,2.2687060014101905,41.996003603526624,14.35626340025258,94.07126413850138,20
95.66912575892749,5844.396333341766,2.321150617505588,46.628816728127134,12.402192679842141,79.1480820094783,100
104.84728600263368,4968.697162103932,1.1528720520024611,37.64028372532645,11.564573247151671,77.13393530219146,100
102.13597180935842,5117.992115001597,2.503303270516314,40.99711699967195,10.167046372657556,79.39957433737233,100
96.76886345078098,4778.582874901583,1.7151505185371343,34.73348323388612,11.736705214833515,90.94564890726733,100
108.87655446304755,5054.375348780615,1.8210860332793666,41.36171568832404,12.281913750105739,93.78050794846767,20
94.0318158412176,5138.081487494691,3.3189408761301,37.342858600600934,11.534902930493317,81.08910273023683,3
104.59577086805001,5058.452702081041,2.150936690360506,38.125496144696555,10.0015384341108,82.69716985120222,100
105.0029115902149,4694.091404087343,1.8068387622764122,36.69614053048052,10.979321532595879,79.1550954489375,100
96.64689895461677,5061.908531397635,0.897352813622047,42.196453678164204,13.74544615306531,75.94180076440807,3
106.96232650032164,5438.658781615291,2.694882066973178,43.021913072419785,13.720801204476553,88.59205848888315,100
98.74976742700524,5134.590729354358,1.3273951645956987,40.070155643975525,10.936032996954482,86.11510151481082,100
101.44346814639928,5288.596156721553,1.4982805482502481,37.40671988399284,12.807308144639306,85.05243991336938,3
101.30160919385611,4928.896408996212,1.8343238504560755,44.76856910831159,10.585712658275792,77.9997173141831,3
99.32845629264726,5224.970071827113,2.7082058958501465,37.748769616736034,13.685179538393943,93.19978340914331,100
104.05404136579891,5083.780351464958,2.3866199933328796,33.51390310021768,12.294283017473084,82.48321630975263,3
103.96744360276107,4714.72678109383,1.92108124507987,41.37516702987121,13.13956979833984,87.66813212408238,20
91.2573401338091,5095.556301439662,2.1541460318194106,36.68567597907545,9.941887983380953,77.72719297377638,20
106.52170121439076,4702.491000967907,1.6998071535644472,42.965826380497525,12.813164522309865,84.04737405189981,100
91.68754005982163,4810.135917534562,2.0698268447826753,38.85658690997975,11.990791123578596,86.45687228119291,100
105.16273102170828,5056.798492187712,2.036668372389068,41.811139721632586,13.022314884949012,86.63537609026653,3
105.63352568413792,5089.173282014037,2.4843849478406765,44.20450103965648,13.097841357717419,85.77324271618312,3
94.54516784892401,4643.230260476861,2.4835890612194746,36.37342340613783,12.0789416273697,87.47261246024387,100
97.94592856022707,5316.195731354863,2.2469886911028225,38.30218860732278,11.279004433084902,79.3473977198352,100
94.47147665757032,5171.6018834901415,1.8188262212269488,39.77298678202881,12.935635418615393,85.9868630271983,20
98.92539484855632,4788.581469316735,2.3709111471950632,44.61265395710303,11.927814600713846,85.5687884174014,3
98.4598285790713,4538.724561065247,1.9540157668984768,38.02485184617866,10.952658055766829,86.1583634209753,100
103.8983026613467,4956.528626275571,1.4590428156434334,38.216488912152975,10.895817322250776,85.36172608659591,100
106.55154373059804,4866.216885841652,1.7983561040445306,41.43442172666742,10.227402700425142,78.63393613043301,3
106.97841905394978,5033.942137115907,2.0422634918921623,38.268313822868286,11.387650608524325,78.41100123945513,3
97.18915986710849,4891.06500165333,2.4551078918323728,40.45757764869285,13.323230455289254,73.92865907057724,100
98.95389063127736,4397.762941776497,1.9082359139214236,35.34538773709562,12.213395759646522,89.08767254922648,100
91.58280903889525,4883.495918509652,1.395400644380197,46.64298982766979,11.364278752892352,89.13828754867599,100
95.97064966751906,4908.3142666795065,2.02837084164841,35.95687230907179,12.965827125816096,89.2177514561106,3
104.8242581654873,5190.098307432218,2.056728020028276,39.03474188802937,11.001028053931934,86.53394981230726,100
108.07791411774116,4790.540097616685,2.0929188144513766,39.90255689247372,12.114420329199334,74.33440391140945,100
93.82825564060039,5503.60240201177,2.459935757977215,45.73806440307039,11.784443552729382,79.86644754107367,100
97.03767870423553,4426.507834804473,2.509461620044949,36.02546265720178,12.934956750706023,85.85207708796555,20
99.86797121520536,5393.350249340788,1.7028945638091666,45.95111240643625,10.107325954896599,85.67759001395898,20
101.40080579409803,4932.704308736568,1.6919282709755283,42.271530463306064,10.979762705022413,83.88625893423989,3
95.95198240039177,5257.875461703067,1.4799006445222633,41.25128597326974,10.03410520908656,86.84458601454124,100
102.12030522232045,5023.9404452176195,2.349407835140238,37.04609893894613,11.688483933828875,85.05825853842623,100
97.63080326464542,5341.866660807641,2.7244100541688576,41.71342372611422,13.453713004358917,85.60385232775681,3
99.9277386456086,4883.791410634157,1.8424590360455384,37.8295401327406,11.393463348415768,81.80467333583992,3
102.73142124001849,4670.413872446657,1.8792847176375034,43.799983759595236,11.38717927416522,89.91005493060796,3
100.03211134905469,5426.151286181319,2.733391278449488,37.0868139126768,13.046069309020965,82.84614195659807,100
97.81807054736716,4965.955806235358,2.252778926607504,39.660524516631746,13.282259470146359,78.34675458489687,20
99.45195098037084,5066.467542087264,2.2181178524005274,38.33418073596049,11.893714719277453,81.14500493590636,3
99.55818520397332,5370.425574213438,1.4045417470131367,37.03743111271902,12.821657824859871,83.2576690431901,100
98.14994485058936,4690.41342737167,2.3393640346397095,42.22395945072374,10.707654550946465,89.97001394184423,3
98.70601968666449,5178.647269291777,1.5354318297451208,41.6063762422289,13.653569200710496,84.78866000782604,100
107.99323585252358,4823.031573061133,1.432989907032521,43.627030596702994,14.578447552724462,84.06925890517175,3
102.8045972397062,4960.349193306689,1.826614211616644,34.6603746753755,12.62545894942647,78.75668287618686,100
98.5225984098542,5021.683689615286,1.707103638275655,43.192512107023134,9.498802054388639,88.92741294914788,3
103.48477202255368,4549.93344156592,1.8892001528074804,47.51634671607068,11.33012368512266,81.74023922988307,20
98.33090255121995,4766.348887153869,1.2795091827375407,38.64507673246916,12.735390386003186,84.49986070529332,3
105.86562318793321,5405.321867723942,2.479408153233836,45.685445836326906,11.494220403400364,92.40091538440933,3
101.84821096099047,5265.857356575439,2.5638431472582144,39.21051618382052,13.526638265100116,87.54381665524652,20
99.46348927997886,4981.208126801829,1.0263287629295927,35.882770787316076,12.705788717323038,76.85872976142413,3
102.23858462905139,5072.937037553868,2.489228902833275,39.08310267277961,11.152229399081044,76.15244881823764,20
92.1456192396575,4911.727248309063,1.5947356850891867,43.144611903025826,12.038717772925503,84.67844774940377,100
94.36616265545098,5406.975015748395,2.428487768491393,37.485470553005406,10.927400135233093,78.93629692562598,20
94.03037496800472,4939.8942266617505,1.9657767536667923,38.19898402298054,11.78089814590507,88.24273373816499,20
100.71471547381853,5069.552627640454,2.014387782040499,41.780618296879574,11.334488111480939,85.2113153248249,100
108.66257499742545,5343.80904324262,1.9074511752893906,40.00918035021572,13.409714160279647,85.82692384511931,20
111.15650073096316,4766.788554546228,2.606064602116743,41.75386885746022,14.539214468197194,81.46628409178824,20
103.19025550720379,5467.636755349068,1.3802059937374858,40.71348862227501,10.282574000117098,93.70691827643353,100
102.50422237472229,4540.861577076987,2.303920169367504,41.43887595865472,9.692140456548298,99.2129686400523,3
90.99471132923631,5488.89263933384,2.550665082444775,38.70309644257138,11.705793093778338,83.60707638121643,3
97.2866310013299,4888.197324814408,2.3581700402702053,40.69519282609118,10.17790116140558,86.765196242075,20
96.0610812404588,4927.190375652415,3.162349457161709,37.2178809829122,12.0554539244051,85.48708671532157,3
96.89576200874441,4432.996948645117,1.7355266186376506,43.865300867510165,12.898723336567112,83.70156568279465,3
99.15928090707605,4863.561584786692,2.478652411296766,38.09717584954806,13.79297027672019,80.83964766133602,20
97.63954711151436,4688.058040691934,1.9469546823292898,43.386542462648165,12.241673470458338,79.57516006259762,100
90.10350094812107,4817.7060963879585,2.6167030381763348,39.2991791170514,11.768213730180506,79.32201367237238,3
103.73955128058768,4958.806710263336,1.9961555021393154,40.605997032271965,9.625938100112299,87.02620012774572,20
94.63628487130097,5287.3374843418715,1.8060621090687652,38.5151063473279,12.031422179022957,82.40162760898183,100
101.19623432055575,5062.281005420187,2.6530361019358146,36.95201370649591,12.085544712659354,72.10853574929735,3
110.37041334874986,5092.302996020334,1.754219030490535,34.765718837184096,12.766748177055295,87.22429110299161,100
95.40307704206788,4671.344183346331,1.293637120549722,36.83402752422262,11.14981427816509,84.80869358767922,20
87.34856238626836,4735.773773119181,1.7415765584130858,39.02827344035224,11.47793687971697,91.73336500700573,100
98.56997889059944,5539.617505505394,2.3095164732942663,40.635637536486655,10.226397293634978,86.86561198545505,100
105.50479817499286,4779.439689571026,2.696019375793546,43.03113793984979,9.250448631739122,77.60663201844851,20
109.79173727110297,5496.8624756171885,2.055564687648256,38.66272762060945,10.66980349104386,73.8516167963501,3
93.85225202773792,4927.08164033574,2.6590985336170125,37.354117707198476,10.11560902289638,81.40263807831032,3
102.48349611618261,5000.686380843052,1.3209125392612031,35.67185564199186,12.404054754504733,81.87446289653174,100
97.67344771609973,5321.109548068979,1.7783682675910486,41.44019085371231,11.378239131999772,89.71579600500084,100
99.47025822847932,5381.567726581597,1.8557124414229493,44.14958354598803,11.354115443910253,84.95564533855213,100
113.22171673508518,4966.7562319162735,1.9427202862637403,43.79899080386887,10.818704344589746,90.66844249049254,100
92.48514835802423,4883.527083943538,2.0420471941250984,42.129798244441716,8.12092148098508,78.37583472148683,3
101.26869830747287,4983.223865443336,2.3454554786960964,41.9156299518028,13.80997289849706,89.82632192190223,20
102.33846585882716,5101.3872584696355,1.777596580914755,45.092871339128024,10.799675372667854,88.6049457671546,20
105.42893162469673,5267.391106060926,2.0695143434765626,40.99624438425043,11.505095916180112,74.90882944284402,20
100.48991576735447,5001.268957698246,1.9774385548379743,41.938389028072514,10.254129401652827,91.61308920630387,100
101.54025269752051,5185.665889406946,1.537055048054425,39.037648414444,13.166316412128761,85.46729245883176,100
98.04175716289105,5491.507919681282,1.9431666554592824,35.91386988743573,12.17211472444479,86.96022251934252,20
101.34563470622554,5114.392883679436,1.928170235051441,37.94845329850127,11.008361657680958,80.67551943785789,3
98.28403862251295,5093.495856801434,1.9174597174984769,39.972522884396035,11.529324466387171,91.37623506460986,20
103.10785944928026,4544.32675247298,2.0158797282907255,40.18235611750391,14.013815906549844,79.07073835380565,3
98.15194831978182,4210.780958951281,2.037836770306693,45.77885756456618,11.912436681742467,89.16046009186974,100
101.88550196951093,5116.5127187690505,1.783852410446335,40.243831502773205,11.781919754860914,89.10303737954335,20
99.85368593157511,4971.552730615738,2.6363573669856324,43.53653033207693,10.870342216632881,80.12916285913889,20
105.63025125386085,4845.565197525578,1.4152596853984916,38.69476827527105,9.726502619433237,94.91686799711287,100
99.74303138205757,5073.0590612559035,1.6395149457650517,39.064972342704294,11.807953591704786,86.1576424010876,3
91.1348376589656,4981.8788812409275,3.389981812111778,36.012977088329656,12.390582134789542,88.26946305135512,20
106.30960750356996,5338.33407519017,1.481004322505385,37.773015961370284,13.319501357193204,77.36439602332122,20
95.47133849568691,5025.833260477693,1.3231226626451207,41.58094417409126,9.301804158600413,95.58865001504282,3
96.7311683067559,4775.92301447895,2.367238372500609,40.0226805411824,10.649884407572365,78.87721529887455,20
97.02169352978254,5297.049871687786,0.961440073113063,42.8288158596917,11.30311069133226,90.12443216382965,20
106.87219046585409,4934.860677516139,1.8823630450137805,40.54376184503515,11.995822981712157,80.02614141034152,100
89.32162893010653,5157.9610051016925,3.0729124625382442,38.94263880508677,11.825959570165892,81.90505598576159,3
115.68874266829997,4856.77678814216,1.2275320389232998,46.444890591360874,11.853973577175276,88.94377021942724,20
105.28028404533026,4805.051934350769,1.0090177571306433,39.718289293860856,12.489715270283934,90.13776356837579,20
101.1161945706458,5025.250469055709,1.250409399021151,43.48900290911591,10.916048267065069,78.64357875442948,100
99.72552999691857,5003.848593063106,2.449179784173493,38.796372380365966,13.120969730680434,90.45236084528497,20
101.42777037428829,5143.94811061005,2.562388359992906,42.128798438150696,12.520142930039377,90.22490247566597,100
102.60561214189669,4919.406274007078,1.7437056015107455,42.78404697745506,11.616201283046305,80.31023295577553,20
103.22607792975029,4449.092064868881,2.3416062020005346,40.625475911726745,13.921089590266698,92.99323796795555,100
102.77802233001724,4870.1678349234835,2.695127663755995,32.936551231910194,13.86769924268612,77.7157118587598,3
100.44790340627624,5238.145540143145,2.8936732072149125,40.05475738256834,13.11947442623257,81.87613708611192,3
99.01330789846337,4910.787176227068,1.876832359410076,43.69138014327993,8.377731875318648,87.39501312045995,20
99.24363358173244,4926.084979245636,0.8492641411650066,41.58244249908319,13.89473411126157,80.73216857648697,20
99.0254585982366,5295.912951771781,1.5895605387951566,41.33751662568774,12.95371022696632,86.31909542839671,100
105.66885048433532,4786.408031822323,1.7865979025323713,34.83322919812744,14.407690365255524,86.20538039401647,100
102.96778361140431,4537.15903452713,1.8705306017108048,37.838634787974826,13.484957510080246,84.0646286503864,3
85.2980568266786,4951.810664142352,1.9060702994956402,41.23407289345432,13.894011212996743,89.1620026929528,20
103.27950388264881,4854.747814625379,2.5594472989653347,41.23114983036068,13.054385820216455,83.8581960367118,100
100.97368097359387,4710.126104074024,2.637214213343791,43.644000340398705,13.618431838374615,86.15770534406903,3
99.90645621777051,4947.386463230393,1.9141631730376083,39.565399734561716,14.392948488881327,90.73235938743952,3
98.05740773455557,5147.451694174035,2.5492424380259093,41.217472260021445,12.259865686053846,88.9534310501292,100
105.62056359993007,4997.213431529655,2.1788306833155446,40.04912272579388,10.113323347106245,88.93008645407104,20
104.73763231061429,5092.094321805871,2.0322529864312857,37.03917179049533,11.631046919981829,79.2541019889161,3
96.13561166088195,5544.022309554627,2.4532720785549817,33.232626006715755,12.467934719260125,87.62396287750661,100
102.03526143562267,4897.1363415327305,2.036126024118958,41.293029076390226,12.08986510124587,80.60750604515248,3
95.14171632729357,5083.504590393401,3.028905588548881,40.52184162523844,10.504125640608688,78.59292510110987,20
93.10190917605534,4847.23599122026,1.2807944166027205,38.14547487369949,10.042718849766025,84.64146826857515,100
96.86641387705018,4746.092084033908,1.7424145504539912,35.142480830452406,11.110604797638205,80.47852406674205,20
104.31196736191379,4824.527703974669,1.936740551523025,41.889218543226214,12.969287467180981,88.95308859419988,20
104.76562522688043,4856.372428543494,2.2197263452289953,39.20223977741335,13.896407724987563,89.07267729847662,3
102.56542710048646,5107.842739264138,2.6339802435515445,41.670624167104435,13.099881136533241,75.48686881784279,20
103.62547893423998,5704.722736010227,1.9878007163819216,45.59214559123527,13.268912744536964,80.85848730211555,3
102.5808914355748,4785.186969117248,1.2888851752468964,33.575707359040884,11.90302131220373,77.70106664041,100
96.79259202388523,4875.012408315361,2.4212569482275024,37.90119757389291,9.909501050752844,82.68685361703555,100
102.1596127233697,4981.063096066626,2.377479383070982,39.37187316006426,11.453735302940753,87.27587834934413,3
104.0020476261384,5118.739654612924,1.029070670310297,44.36447852243995,11.689482705753145,83.78855950910805,3
103.77145664906787,5079.065243586436,1.9980979331646003,35.09079094238054,11.40353701579718,82.05120379666432,3
105.94456685737322,5385.228738184435,1.204929084659851,45.80758307704181,12.065633838449552,91.5008826340657,20
103.54151923600531,4272.082378839437,1.6676744512489687,40.40756770469887,12.52970371187154,73.47571413701856,100
101.75724103770791,4283.921038941298,1.5485955365186002,39.711998014798425,13.023618225892196,91.18435946759112,100
105.35075119158213,4851.236548396955,2.404632349120993,39.40582071034328,11.6662561627604,82.27855853422257,20
99.8673937037547,5329.190056263113,2.0584150870860918,38.69121090345991,9.715488713226488,84.60945494943606,3
95.5906267438614,4530.305590518321,1.3572044996219863,43.14435027780746,11.420546736850639,82.36318331139945,100
99.18466518028119,4097.710298091873,2.440032981478671,36.79443773775268,12.05245247639038,92.71444052769559,20
96.27548677596775,5171.353821865762,1.2830970880357928,41.03624254493156,13.46736950656009,78.84510751597371,3
96.62410862512809,5073.097167110815,2.165056895235472,38.84745500287907,11.318630589379074,85.05868184860968,100
99.2774066464224,4672.937477960171,1.5929946653542222,37.71359965445771,12.615052354079282,87.63719325929998,3
96.0379003950002,4704.338119783721,1.81716145873474,47.75792552705169,12.348105479562518,76.94498616057416,20
98.46019235180479,4709.076884109598,2.252135374019192,41.25715220426038,12.052680639748067,80.40050914776923,100
90.53192666523107,5033.160595242182,2.2607246995297645,41.83979663398343,13.11663998318951,84.25910733250885,3
101.06646853686469,4812.105417145098,2.66848453677798,43.413330342005985,11.206990563896904,80.56667482657812,3
100.00602737681112,5148.219175692656,1.9588731501642733,35.73595016404436,11.30977626042778,80.92204114390425,3
95.91455684465905,4143.612001128683,2.1532254314816703,45.25687572736609,11.985719012286927,83.25068668461782,20
103.29622834216202,4742.944440461661,1.7811313387978376,32.47312846451477,11.23182419388756,88.24790665823086,3
104.6878506881328,4662.183811726685,2.090994941311399,37.69370076988444,12.60961474926552,83.28641111560928,100
91.96220067815513,4923.097796488252,2.2197430240042557,38.6229049804633,11.144169234760641,90.39213097236473,100
96.18637610716893,4838.5856724529585,1.950845076272812,41.745170094911515,12.27156504929416,80.01121108670323,3
96.1542882510635,5239.35313396873,1.0981247579537519,40.65615479842446,11.879792677455892,78.74038869763274,20
95.30048449445567,4442.198968501983,2.1657354481654476,39.49955577790482,12.257911157732046,94.63172702860567,100
104.14737420965874,5013.647442899226,2.1822807386777283,39.96400796611683,11.448310325924353,81.71020936167244,100
99.03086930613598,5167.500926963512,1.6599132618260246,37.0659309294323,11.593094046567808,78.4454399646392,100
98.67742579344694,5556.994230968587,1.3578064819637428,35.508302816547484,12.11521112159646,76.28973029114084,3
89.98068817796623,4855.470208671957,2.737939575251983,42.17953486700818,12.242489407393576,90.37551726904469,100
103.17709015104613,5097.3375813057555,2.245722755447201,42.08111833760856,11.994957701530613,83.29347742669971,3
93.80370802573263,4458.841162231291,1.8854594845391452,44.75348312547118,14.0464348278157,83.731451324668,3
100.29966315133164,4282.4131387060925,1.4314835584262564,37.62994870955438,10.81111569751046,84.20399144206681,3
101.38688468979096,5253.43231273451,1.589092585789327,42.07844563090277,11.922955446056744,90.0647144233489,3
106.80329297919326,4998.331911905579,2.651295198393116,39.148879814905804,10.111645173459618,84.1023508301204,3
93.45589800440445,5353.553806939527,2.068830970434023,43.57142495558045,12.446497774400864,96.72026889416313,100
84.90243922089587,4587.979133309075,1.7247064664996468,43.065888330034426,10.661704156347824,85.66880287027115,3
100.91924772376848,5155.970641858626,2.254844615612328,40.63362819767337,11.66602769294811,90.3089238347916,3
109.00255590755427,5560.645352163156,1.592800906276838,38.98140953000204,11.55352280960241,89.02619928952204,3
106.19473176469718,5125.91168250718,2.7504215151401894,42.88279653582478,12.337069351921405,84.81776339870981,3
101.04829707637313,5082.974451677314,2.6764002674483627,41.9407135697697,11.336650898945784,82.06514506989768,3
97.54181907183977,5002.566824247305,1.7667129643986117,37.946678793741455,11.28563316276722,86.65981964283277,3
104.03561298318655,4528.735562862226,1.6856648764845699,36.01660397956171,13.723027756903077,87.55049365603637,100
95.13226900147765,5406.671880713105,0.6909334006538601,39.13440129795461,12.341480148569431,82.13706975936736,3
102.38178884678109,4816.74270805848,1.259209614224316,44.546241446044625,11.326738977573278,85.83169432975328,3
102.52735079583313,5151.344976914905,1.330265112521122,43.439461476199114,11.698999593826523,91.18102489129798,100
105.30104953749439,4531.089708028624,2.067595170493693,36.66301759098826,13.974425942724894,95.34973869534839,100
113.7983001945554,4646.162100647666,1.8368831477793202,36.49672775230024,11.717802146098684,89.27184660174711,20
101.96207983589383,5430.526219766671,1.3273322562923793,43.82405154903846,11.172868052217135,94.3137984319014,100
97.4551818714625,4895.809313312647,1.8594179787677214,36.59309228572651,11.178004619848329,81.85312894396772,100
99.87212843904003,5435.9826428127635,2.2526685738236742,41.52788597092602,11.341048222812507,88.50941126029647,3
91.15462047555441,4976.530802282445,2.2639196749577937,38.15178635399103,11.286602733087934,91.69259754290636,20
96.52643434455472,4447.430668112643,1.0501648595705593,44.85113477356505,10.464422581980909,80.51833333514003,3
97.95358780943448,5267.620279919516,1.9358682597580845,37.688725602586366,10.650959883663626,82.57204943977496,20
97.37955801032703,4823.032304673317,1.308329611514195,43.43008459061748,11.004815550766356,93.68952380917625,3
100.76177436016862,5209.606644055113,2.450864348570137,40.5545759621811,12.709885222143717,80.1245057210653,100
95.887900338089,5007.563260262024,2.392073208176749,40.75658456270286,11.542515255272551,78.29434983672145,100
105.60515333662235,4537.0645316171385,1.5509863868377707,34.089074255945796,11.751405973087152,92.63990786819755,20
100.00103532459099,5049.288429611171,1.6169773987998002,33.391259940382845,13.524105630305876,90.98381612490219,3
99.95349839430693,5658.86694264584,1.7693664747508464,39.33830217919806,13.554008579926101,87.16060121991885,3
98.36052641743541,5147.895937554338,0.8736033026343304,40.74071819024984,11.661450068234718,84.77144622677086,100
100.7759534192949,4982.744674098361,2.1679840867202884,36.62440651678683,11.24296378717991,82.80737747197509,100
104.12549132333817,5322.603020587069,1.8635777268299347,36.73391976857097,10.962683623591754,86.40974436904526,20
95.6643489214455,5063.200539560933,2.4850875412839297,41.6844178894784,12.831330923649885,92.89903478700775,100
96.70941755462371,5062.860269078838,1.4507953910187237,41.68856344137139,11.754351319773255,86.19283063071038,20
98.48136985611667,4672.5124483522695,1.690438525875034,39.58677681883622,11.536206131612651,95.83479633623483,20
93.27064538263393,5070.15440773688,1.2467373709804423,42.34060516355822,11.023602509834937,80.51029007179885,20
95.90371070139251,5310.633024925083,1.4978547182528734,36.47739311283956,11.076400309186333,84.90159622835866,20
97.6188956322767,4749.181354369993,1.4090090019658905,38.932195248739085,12.384069829791894,83.13470666168043,100
104.37194590356364,5427.348746374084,2.497986839423223,44.943632817351016,10.421474080935285,79.57429228418833,20
101.31280664500963,4972.488192756462,1.6508690756243038,40.204966389819454,13.193842432545527,84.23458133495173,100
100.96794955683772,4733.669146538437,2.0620878423723066,40.378937543761,11.359386427422098,87.0866465083022,20
104.25448981083986,5299.289623076073,1.8096182980690978,46.91783975790322,11.820436866897849,87.62115089976015,100
99.31314105800301,4913.961729278519,1.3652673669935935,35.80197350245369,10.395626450231335,95.85226089472278,20
101.95232424964445,5227.854466245833,1.9158497884141787,42.38929109992633,11.985160874109162,87.3223373486178,100
99.48389123533752,4912.472410322439,2.2995516659317974,44.9919588394243,11.606014868771329,90.75068401839808,3
101.32681174699815,4982.052156941028,1.3961203037283239,39.025426220504364,11.93990328137224,85.33047123149488,20
97.08620671194208,5148.068061300288,2.4045563953656894,42.57889236056454,13.766050678034269,93.39027800226297,20
87.80591420861785,5087.269117277002,1.5751395392611518,37.05394150836729,12.213237654948287,96.99224642794034,3
99.32860418906849,4401.340465864479,1.7585080369635797,37.939802813297945,11.046408979025035,87.65542565487975,3
107.1137406804997,4663.626877971683,2.265341561505024,41.154899248142904,11.146416107344118,80.03670492274209,20
104.63107701120796,5278.822995437245,1.668281921390256,42.39570001933177,12.714157423096522,82.25597488611416,100
104.82698742295585,4960.359023329535,2.018787429667933,43.36280953721874,13.558431949192109,86.40967151602581,20
106.18065360903108,4842.880609168574,1.8426545856059537,44.708885760818475,12.33830162490126,87.28249017625323,100
100.44328795480719,4592.427795422757,2.064684003351909,39.79766032433445,12.826455293465724,88.49212567192185,3
100.98657853702798,4676.079103617246,0.8096304472382514,43.58083526551776,12.731685268004046,87.30098840615021,100
96.91174052282825,4393.460408011416,1.0851590923959584,38.97308546965255,13.702877296029024,85.0349245812797,20
98.41963571986476,4969.61578438954,2.307983503023419,42.7062739347648,9.660491792728761,81.81900779398936,3
103.0788557488557,4820.468725825686,2.5185907028245254,40.62246639355654,12.800662727165435,87.00569130632115,3
106.01942218584408,4710.023632704406,1.5447566482342394,41.337033721245774,13.180483252684276,94.27493678740328,20
99.302768621595,4979.562972449614,1.877985823914433,41.270523622066115,10.393531552637311,90.09964302713877,20
97.74905367574294,5109.191189255822,2.1473596264511507,35.185884970606566,10.9371981791923,87.673519748181,3
100.00263979428298,5627.959379662983,2.346608800829352,36.62763442341768,10.979060701646215,90.14783461911375,100
103.00603374464558,4546.434974131036,0.9861613641645757,40.307624319452565,11.12545176434714,83.14467985549574,100
92.7807259193323,5347.814312990156,1.5569798765108114,34.9381627610765,11.42193953887737,82.4586742695834,100
88.51909523431381,5291.930468304521,1.8337103100750625,42.49363330959927,12.29112337566593,81.26107447817009,20
97.24731575254208,4766.27217818699,2.3515700986180246,42.614667898864425,13.038809581400844,84.37356688615282,3
93.89643787042921,5060.970786375809,3.2492152418607474,40.98151165863337,13.297580349322244,82.8899705164546,100
97.45929901176345,4862.710025198716,1.8859971365951411,36.63659796172623,10.994612326598663,91.04137370326069,3
99.26109840591265,5055.706574125622,1.2965112689480056,44.140416816605544,10.98635640155642,82.62338291158906,100
97.73375795488494,5452.739304021366,2.201134038600649,46.11163191915507,13.578986208019467,80.98639141887541,3
107.26233767235372,5181.681869789394,2.660497894770355,40.44123048233792,12.776092722502373,94.71288589415316,20
101.63372382301161,5152.582511970033,2.0540070604897505,41.53160613535371,12.099437810242796,82.74312384459328,20
101.50237179805414,4870.907204013607,1.5466757274228535,40.60521596438813,12.56800401066596,85.76764228625176,20
103.111035720217,4554.7830005227,2.4789969707400097,41.5911075669964,11.964235461778271,87.25661412371706,100
94.30583441109616,4937.459536837878,2.3317728092492174,39.64132373012081,12.629501619657137,79.31653440539593,20
105.19555893710134,5361.982446459175,1.4869595779021878,39.89630728046859,11.596719964193111,91.17741884751534,20
99.6211785673227,4541.849643023106,2.190712808767171,42.7171528014921,12.322565921327078,88.18559520205613,20
103.35240308620607,4683.473189546991,2.498632783829436,47.03687248568932,10.187344739556604,92.7919200594039,3
94.64071383479923,5037.88032087022,2.5909450212794467,35.799786296794785,11.174658846209482,81.6038903139095,3
92.23120616991967,4704.603564545821,1.966775512345272,39.6885625467911,11.187586587851587,85.4956289623808,3
104.08944829012515,4762.242965865436,1.8209602769103406,36.458618544303754,11.550731960151703,85.19677877497098,3
101.88204763048758,4872.920425481547,2.6136369110406314,44.77607469572825,10.888184094264302,86.31944247175011,3
95.48974222821245,4590.314778742955,1.3949197485095575,38.236786092040305,11.359747649012302,77.7269262571142,3
95.65168459362653,4707.76344613509,2.2192896454605027,35.67039761864262,10.182703125122256,85.5541818934611,3
105.62717392207385,5211.028375036192,1.3149866863177855,41.91456099654572,12.65844057167388,77.86768044288128,20
94.05294053566337,4607.78906533071,2.5326881361298015,45.23293334422934,11.900983777306326,86.7916703559846,20
108.21336476627982,4520.638359651549,1.8709772421944193,41.990793605682285,9.953750870668781,74.3567543774074,100
95.49689632676066,4810.992506139832,2.6342916178237346,40.61439363184575,10.998204107343993,75.74206582854707,20
103.19195962804191,5219.586650752954,2.2457063781777635,41.22742276832798,12.4039217130746,89.09274358219999,3
98.35690762125508,4940.923457600933,1.388389884969035,44.24452198847666,11.348373664337052,82.26580772402609,3
103.01593715541172,4860.625676565314,2.7123138660386217,37.37740218995755,11.163670247834284,80.06070963183879,100
97.27942998942903,5013.307639254682,2.7756226332138647,39.66445868774106,11.910488787590308,91.35422810537774,20
99.18603546963853,4476.287770142104,2.4411432462996077,38.6419295544714,12.412317042213859,86.63813108664208,20
100.2045958769786,5148.41169613251,1.61920606748189,36.49640407812487,10.276377051553007,89.36045097766892,100
94.98906272109264,5115.0305094210935,1.8469930228212956,39.014874221749594,12.660154177461456,84.16878963839585,3
103.70412172710063,4877.207457771284,2.07271360870288,43.323163287947345,11.039648062071148,98.39814346950001,3
97.43393216764207,5301.777353538925,1.6481448003342833,41.699806445178176,11.97848643810024,81.97743069720103,3
98.85700042329991,4661.751170314088,2.8461732862316023,41.9329315003246,11.957495831170188,93.72247774679944,3
95.02825312695744,5338.37269797607,2.072163235863018,40.43942683495995,11.367520658112271,84.69316979950044,100
87.18833170602345,5046.348099678576,0.6483259764463214,41.56997134818577,10.771608304643143,76.72744802543627,20
99.04486118699916,4899.034223036548,2.16967790637811,37.59822897295568,11.657176142289284,87.41424372874054,3
112.06307710806458,4994.037909389506,1.8259213015913434,39.07147034221831,13.950396370890234,86.57381280727581,20
103.92302143949011,4967.8205702567175,1.962536721940776,40.57601271090603,10.365989963443642,79.74339092880385,20
99.90369810132803,5366.084868925315,1.8156903171071501,40.83254757664567,14.030775622925852,80.38890361432642,3
98.68554585395866,4676.996261758696,2.4035232083033438,40.96056356476562,11.688334594708161,84.87651178457504,3
100.11232946406024,4771.2442282560205,2.5598438892766904,39.584994153950866,12.042445700506367,86.74873907623991,3
102.73559557587605,5310.890867621744,2.1415265811293267,38.86772979660901,10.695947026338327,72.646683585603,20
94.09593592345577,4821.339519444842,1.8303444064309204,49.47331384913289,11.074476699987024,90.26560726261901,100
105.57160847334436,5270.159923199478,1.9793313975954148,42.720361818797194,11.396508419954378,82.52751013092511,3
103.57690657720622,5509.830794902613,2.009799808288814,41.23944242785787,10.745166034946505,78.34126257800912,20
103.59092862853967,4879.46149191751,1.5987849800675815,39.300374505380816,11.749298451154955,89.70533275725965,20
102.19237869404864,5204.408697972592,2.2894643242856176,38.64634351916837,11.511580929831874,84.88191010290772,3
100.09808328846995,4653.892315598043,2.230021161930233,39.607598218819135,14.22093737092288,91.08082888391127,100
103.3643061798341,5226.419989420343,2.770220619888337,40.87848653076005,10.600830977183447,87.18976131489877,3
102.95907066870689,5059.8271957960305,2.6276748901442373,34.35869336781076,12.123228620098304,84.99242748525977,3
98.22979644529488,5141.911484648064,1.657162541204935,35.29183121387595,12.29741553828219,84.23635027509921,100
97.13199113551549,4806.328378389381,2.4101491872544822,38.08935283318313,10.715615341617795,87.41356380278069,3
100.50928147630994,4501.674975329848,1.524523308452764,40.621418310335706,12.824192994543406,82.93234370595334,3
107.74510075747594,5150.975619424851,2.3479660504704247,39.28218055854445,11.522007584542047,80.7371370562675,100
93.80446462173049,4380.979054256164,1.7416929006199462,44.43436367829845,9.00913241810032,88.04954561327322,20
92.6623736712378,4904.79485232724,1.488373388312208,35.55280963901269,12.791819534525478,84.27756079277785,20
100.82380420618259,5282.3545599259905,2.140022671348702,37.74596359118989,10.659670939077163,85.16783824034503,20
100.25443850928009,5057.569320761911,0.6627164359229296,44.5602752229733,10.742670064633081,90.44689918077304,20
100.86670832185204,5584.502793436944,1.1245122127973861,40.39335797402544,12.825482499470878,84.43061696132129,20
101.2197659895425,5307.532745774532,1.9112540581128583,42.654527748403474,11.58340622109786,85.07516962770896,3
98.88398872682598,4803.830483502327,2.041220883317421,46.15374082980839,13.1013265806618,82.00175244274534,100
107.44931719301042,5008.194013955432,1.8153406149209055,37.91858674629453,13.452199314438383,87.15369966990926,20
91.99548010761742,4985.788789236669,1.2102818506412008,39.7020569866239,11.226085847613243,86.74913956340043,100
95.85751487609878,4525.346970996162,1.5910540789307472,39.182719297207385,12.951914995146037,89.5038756589528,20
99.48372619925476,4717.880325054694,2.1956046636186968,34.13622098655017,11.093447038328542,82.10435581496561,3
91.78405594422917,4831.771727906042,2.290890885314181,39.068809588732094,14.679739100558612,82.71091515204907,20
99.12072797783965,4389.133849143219,1.9918884412020295,42.643186562142,11.168451594562542,88.96068699572734,20
108.3073508286401,5014.248040475493,2.5784168905184943,41.62176862543672,13.231304929152005,86.26106501681431,100
100.10443244147982,4925.278446604088,2.198698511729617,41.85724950816403,13.012548031057891,80.46890936903652,100
101.15350452859342,4498.131829606527,1.6262721730208938,38.8734730580815,12.37930538653072,91.5327703386725,3
93.6991761741371,5121.2638595831995,1.8597489732941912,38.03170829198307,11.19534820629998,76.50774715799875,100
96.91819295980261,5214.761823407288,1.2985669213960727,43.80776701569586,11.818323009670308,88.92142376631875,100
98.12401809838032,5068.110343659467,1.9459305048042916,38.508048560926994,9.415694264466538,78.67393982000901,100
98.41142451621883,4902.779547437309,2.5560503096106695,40.88224611637964,12.2693040460587,94.42894258242764,3
106.40821897501884,5177.432645525557,2.342645042355484,40.490004042032616,12.419538397234062,77.27700136547189,3
102.78845530362562,5204.066108143007,2.701004662959561,44.385151048771355,12.160199302873647,90.76125325936374,3
94.44271021531483,5092.221070915906,1.8485573781005034,42.91423707301708,8.43203259444893,84.59182819994378,100
101.23252389216002,4752.616324869572,2.673049897257129,36.11422413799864,10.481236265892226,83.16698715080628,100
102.49110874248393,5082.980229653354,1.903347886776015,36.43734049967488,11.102290820581604,85.92698328233881,3
105.70074519260633,5358.644195247643,2.735792541284947,41.736729454207406,12.349990719826856,88.15950169578906,100
107.90270343284186,4821.011282416481,1.989071626278938,39.8069870578625,12.347206686771582,80.47799748834565,100
94.92452904086066,5629.38180173973,2.3536156869021383,38.63448464813871,11.795731449634586,80.92106137415713,20
95.94571244394831,4842.3107198043845,2.7375561821549277,43.046883651983414,12.762294643924747,88.24802432556443,3
93.71211070542692,5009.722104002041,1.9032861857093972,40.56237814626673,10.76850914963652,76.463285231752,3
98.82990070446509,4798.254321198099,2.1091944937720872,40.15737216066833,12.732282006832795,82.07885453403958,100
102.33179187223168,5066.981250776078,2.644431712603151,42.33948592226515,12.56969052580787,100.2034347707972,100
104.9366725829455,4477.333492209417,1.9334984180349681,38.87467301516931,12.453065679405492,80.1599351770536,20
99.62024488178739,4836.187460354984,1.3395538587469193,44.70555695641766,11.781551482697212,90.73901395879876,3
98.40076238372578,4672.3636398954295,3.071503527292455,37.63585713030098,14.196892589797514,82.07024615643094,3
100.7587899612437,5040.601504367687,1.7651177678314316,41.97078719902626,12.591834826187855,87.54522572398572,100
95.82428549184988,5298.334212652672,2.0793780254687713,44.30149851597953,10.83799696409573,88.27177845298108,3
110.44769360847387,5193.801856134365,2.5780033347255635,35.8681135321837,12.297966570883181,90.64478367591474,100
91.96169486440971,4288.502191742333,1.695753048134399,38.96999447244265,12.902980052489061,83.99873086593612,20
100.92370289447862,5612.6208958783645,1.496066043388935,43.42662217865667,11.294269681290828,94.94442319377427,100
110.1180310961482,5088.58398218626,2.1268686483874166,43.471733643193076,13.307126696317319,82.05331717707409,20
100.03399922279999,4767.0502578521,1.1034618010438053,39.485513198835285,12.458440446859212,86.1711020679978,100
99.04980482499253,5047.138375697282,1.8560469615660398,37.795986718969424,9.189025994801584,86.22638466108803,20
98.21277288594787,5052.856946750808,2.122519332157703,42.86780746699229,12.359606372805512,79.39015940025293,20
99.09804159118796,4799.945384914531,1.865024051587418,43.55064730774481,11.512765014704742,83.5706387251044,3
106.86424237338265,5059.375000202623,1.2282745284071264,36.50600995446282,12.644615777450083,85.80756749619204,100
88.94069044335247,4817.758313713908,2.797088978102006,36.38825905310086,13.133057808302176,82.8393947843529,3
107.66716850648163,4878.691402192993,2.0517690769745878,40.6757700459508,12.234194456570181,97.20461982728267,3
92.88021423774927,4794.1162592734745,2.7155760588808704,41.88808190028668,13.998302680733634,80.80688163200234,100
98.66673835382792,4570.198613078104,1.8699818749097776,39.10279274430984,11.785551738523806,90.89712234070214,3
97.85377789850669,5043.750941064615,1.559994009154618,42.037881459947045,12.749781387664651,89.28229906574393,3
102.9427663488536,5175.589830954901,2.13459046012758,37.86959017948785,12.965931088364817,84.93068932747865,3
92.00937824058126,5154.465078822912,1.8921064368358902,33.65591920277879,11.88318483732872,80.67395473073877,100
102.31086333040972,5245.97757579057,1.411119271004321,38.728296783002214,12.934529169573338,81.15872339804115,3
110.12154811643427,5097.30206300446,2.7348921293937476,40.189696439539304,11.286392415405398,82.41016350391745,3
93.18412997703595,4840.182350534929,1.688864888553002,39.17248012031063,11.492917897174538,76.07129359026868,3
100.94853083805198,5251.899159329357,1.0798668076022158,36.52419020902155,10.425013571596425,79.98267287100354,100
96.69008911101696,4592.74473804742,2.664083026978666,34.55305307236355,12.289690939644057,77.58761742318178,20
102.12943603096518,4729.798585246256,1.7478509920936884,38.4577335868963,12.390302011025213,91.72937501588858,20
100.09573888707877,4710.739978573027,1.6960880536921878,42.69296731494923,13.415115790295076,88.09231196194109,20
96.79256545477845,5324.016817741793,1.117306206485013,43.76859231824105,12.949368005227061,88.9298704943273,20
102.43936142435537,5282.836554242022,2.8704707432984953,43.563140152415365,11.65824533202308,87.94415975770974,3
